frame,time_s,detected,confidence,cx,cy,raw_cx,raw_cy,diameter,drift_px,status,candidates
0,0.000000,0,,,,,,,0.00,rejected-distance,4
1,0.000000,0,,,,,,,0.56,rejected-distance,5
2,0.004167,0,,,,,,,1.25,rejected-distance,3
3,0.008333,0,,,,,,,2.13,rejected-distance,2
4,0.012500,0,,,,,,,3.09,rejected-distance,1
5,0.016667,0,,,,,,,3.93,rejected-distance,3
6,0.020833,0,,,,,,,4.62,rejected-distance,3
7,0.025000,0,,,,,,,5.14,rejected-distance,2
8,0.029167,0,,,,,,,5.52,rejected-distance,3
9,0.033333,0,,,,,,,5.81,rejected-distance,3
10,0.037500,0,,,,,,,6.02,rejected-distance,3
11,0.041667,0,,,,,,,6.18,rejected-distance,3
12,0.045833,0,,,,,,,6.34,rejected-distance,3
13,0.050000,0,,,,,,,6.46,rejected-distance,3
14,0.054167,0,,,,,,,6.54,rejected-distance,3
15,0.058333,0,,,,,,,6.54,rejected-distance,3
16,0.062500,0,,,,,,,6.54,rejected-distance,3
17,0.066667,0,,,,,,,6.44,rejected-distance,3
18,0.070833,0,,,,,,,6.33,rejected-distance,3
19,0.075000,0,,,,,,,6.10,rejected-distance,3
20,0.079167,0,,,,,,,5.84,rejected-distance,3
21,0.083333,0,,,,,,,5.49,rejected-distance,3
22,0.087500,0,,,,,,,5.09,rejected-distance,4
23,0.091667,0,,,,,,,4.62,rejected-distance,4
24,0.095833,0,,,,,,,4.16,rejected-distance,4
25,0.100000,0,,,,,,,3.62,rejected-distance,3
26,0.104167,0,,,,,,,2.98,rejected-distance,1
27,0.108333,0,,,,,,,2.27,rejected-distance,4
28,0.112500,0,,,,,,,1.57,rejected-distance,3
29,0.116667,0,,,,,,,1.00,rejected-distance,4
30,0.120833,0,,,,,,,1.04,rejected-distance,5
31,0.125000,0,,,,,,,1.77,rejected-distance,5
32,0.129167,0,,,,,,,2.78,rejected-distance,4
33,0.133333,0,,,,,,,3.89,rejected-distance,3
34,0.137500,0,,,,,,,5.09,rejected-distance,3
35,0.141667,0,,,,,,,6.36,rejected-distance,3
36,0.145833,0,,,,,,,7.62,rejected-distance,3
37,0.150000,0,,,,,,,8.80,rejected-distance,3
38,0.154167,0,,,,,,,9.90,rejected-distance,3
39,0.158333,0,,,,,,,10.95,rejected-distance,4
40,0.162500,0,,,,,,,11.89,rejected-distance,2
41,0.166667,0,,,,,,,12.77,rejected-distance,2
42,0.170833,0,,,,,,,13.56,rejected-distance,2
43,0.175000,0,,,,,,,14.23,rejected-distance,2
44,0.179167,0,,,,,,,14.84,rejected-distance,4
45,0.183333,0,,,,,,,15.32,rejected-distance,4
46,0.187500,0,,,,,,,15.76,rejected-distance,4
47,0.191667,0,,,,,,,16.09,rejected-distance,4
48,0.195833,0,,,,,,,16.41,rejected-distance,2
49,0.200000,0,,,,,,,16.66,rejected-distance,2
50,0.204167,0,,,,,,,16.89,rejected-distance,2
51,0.208333,0,,,,,,,17.09,rejected-distance,2
52,0.212500,0,,,,,,,17.32,rejected-distance,2
53,0.216667,0,,,,,,,17.58,rejected-distance,2
54,0.220833,0,,,,,,,17.82,rejected-distance,2
55,0.225000,0,,,,,,,17.98,rejected-distance,3
56,0.229167,0,,,,,,,18.13,rejected-distance,3
57,0.233333,0,,,,,,,18.30,rejected-distance,3
58,0.237500,0,,,,,,,18.48,rejected-distance,3
59,0.241667,0,,,,,,,18.75,rejected-distance,3
60,0.245833,0,,,,,,,19.02,rejected-distance,3
61,0.250000,0,,,,,,,19.35,rejected-distance,2
62,0.254167,0,,,,,,,19.75,rejected-distance,2
63,0.258333,0,,,,,,,20.23,rejected-distance,4
64,0.262500,0,,,,,,,20.75,rejected-distance,3
65,0.266667,0,,,,,,,21.38,rejected-distance,4
66,0.270833,0,,,,,,,21.95,rejected-distance,3
67,0.275000,0,,,,,,,22.35,rejected-distance,4
68,0.279167,0,,,,,,,22.67,rejected-distance,4
69,0.283333,0,,,,,,,22.86,rejected-distance,2
70,0.287500,0,,,,,,,23.05,rejected-distance,3
71,0.291667,0,,,,,,,23.26,rejected-distance,3
72,0.295833,0,,,,,,,23.54,rejected-distance,3
73,0.300000,0,,,,,,,23.88,rejected-distance,3
74,0.304167,0,,,,,,,24.20,rejected-distance,3
75,0.308333,0,,,,,,,24.45,rejected-distance,2
76,0.312500,0,,,,,,,24.62,rejected-distance,2
77,0.316667,0,,,,,,,24.78,rejected-distance,2
78,0.320833,0,,,,,,,24.93,rejected-distance,2
79,0.325000,0,,,,,,,25.08,rejected-distance,2
80,0.329167,0,,,,,,,25.24,rejected-distance,2
81,0.333333,0,,,,,,,25.36,rejected-distance,2
82,0.337500,0,,,,,,,25.41,rejected-distance,2
83,0.341667,0,,,,,,,25.48,rejected-distance,2
84,0.345833,0,,,,,,,25.53,rejected-distance,2
85,0.350000,0,,,,,,,25.62,rejected-distance,2
86,0.354167,0,,,,,,,25.75,rejected-distance,2
87,0.358333,0,,,,,,,25.89,rejected-distance,2
88,0.362500,0,,,,,,,26.01,rejected-distance,2
89,0.366667,0,,,,,,,26.12,rejected-distance,2
90,0.370833,0,,,,,,,26.24,rejected-distance,2
91,0.375000,0,,,,,,,26.35,rejected-distance,2
92,0.379167,0,,,,,,,26.47,rejected-distance,2
93,0.383333,0,,,,,,,26.63,rejected-distance,2
94,0.387500,0,,,,,,,26.76,rejected-distance,3
95,0.391667,0,,,,,,,26.95,rejected-distance,4
96,0.395833,0,,,,,,,27.16,rejected-distance,5
97,0.400000,0,,,,,,,27.38,rejected-distance,4
98,0.404167,0,,,,,,,27.61,rejected-distance,4
99,0.408333,0,,,,,,,27.77,rejected-distance,4
100,0.412500,0,,,,,,,27.92,rejected-distance,3
101,0.416667,0,,,,,,,28.01,rejected-distance,4
102,0.420833,0,,,,,,,28.10,rejected-distance,4
103,0.425000,0,,,,,,,28.17,rejected-distance,4
104,0.429167,0,,,,,,,28.24,rejected-distance,4
105,0.433333,0,,,,,,,28.29,rejected-distance,4
106,0.437500,0,,,,,,,28.34,rejected-distance,5
107,0.441667,0,,,,,,,28.35,rejected-distance,4
108,0.445833,0,,,,,,,28.37,rejected-distance,4
109,0.450000,0,,,,,,,28.34,rejected-distance,5
110,0.454167,0,,,,,,,28.31,rejected-distance,5
111,0.458333,0,,,,,,,28.27,rejected-distance,5
112,0.462500,0,,,,,,,28.24,rejected-distance,5
113,0.466667,0,,,,,,,28.26,rejected-distance,4
114,0.470833,0,,,,,,,28.29,rejected-distance,4
115,0.475000,0,,,,,,,28.34,rejected-distance,4
116,0.479167,0,,,,,,,28.38,rejected-distance,3
117,0.483333,0,,,,,,,28.44,rejected-distance,3
118,0.487500,0,,,,,,,28.49,rejected-distance,3
119,0.491667,0,,,,,,,28.51,rejected-distance,3
120,0.495833,0,,,,,,,28.53,rejected-distance,3
121,0.500000,0,,,,,,,28.57,rejected-distance,3
122,0.504167,0,,,,,,,28.69,rejected-distance,3
123,0.508333,0,,,,,,,28.87,rejected-distance,3
124,0.512500,0,,,,,,,29.06,rejected-distance,3
125,0.516667,0,,,,,,,29.20,rejected-distance,4
126,0.520833,0,,,,,,,29.33,rejected-distance,4
127,0.525000,0,,,,,,,29.37,rejected-distance,4
128,0.529167,0,,,,,,,29.41,rejected-distance,4
129,0.533333,0,,,,,,,29.35,rejected-distance,4
130,0.537500,0,,,,,,,29.28,rejected-distance,4
131,0.541667,0,,,,,,,29.13,rejected-distance,4
132,0.545833,0,,,,,,,28.98,rejected-distance,3
133,0.550417,0,,,,,,,28.85,rejected-distance,3
134,0.554583,0,,,,,,,28.75,rejected-distance,3
135,0.558750,0,,,,,,,28.70,rejected-distance,3
136,0.562917,0,,,,,,,28.65,rejected-distance,3
137,0.567083,0,,,,,,,28.61,rejected-distance,2
138,0.571250,0,,,,,,,28.56,rejected-distance,3
139,0.575417,0,,,,,,,28.53,rejected-distance,3
140,0.579583,0,,,,,,,28.52,rejected-distance,3
141,0.583750,0,,,,,,,28.60,rejected-distance,3
142,0.587917,0,,,,,,,28.68,rejected-distance,3
143,0.592083,0,,,,,,,28.82,rejected-distance,3
144,0.596250,0,,,,,,,28.97,rejected-distance,3
145,0.600417,0,,,,,,,29.11,rejected-distance,3
146,0.604583,0,,,,,,,29.25,rejected-distance,4
147,0.608750,0,,,,,,,29.31,rejected-distance,3
148,0.612917,0,,,,,,,29.36,rejected-distance,3
149,0.617083,0,,,,,,,29.40,rejected-distance,4
150,0.621250,0,,,,,,,29.42,rejected-distance,4
151,0.625417,0,,,,,,,29.45,rejected-distance,4
152,0.629583,0,,,,,,,29.49,rejected-distance,4
153,0.633750,0,,,,,,,29.55,rejected-distance,4
154,0.637917,0,,,,,,,29.62,rejected-distance,4
155,0.642083,0,,,,,,,29.72,rejected-distance,3
156,0.646250,0,,,,,,,29.83,rejected-distance,2
157,0.650417,0,,,,,,,29.98,rejected-distance,3
158,0.654583,0,,,,,,,30.13,rejected-distance,3
159,0.658750,0,,,,,,,30.35,rejected-distance,3
160,0.662917,0,,,,,,,30.59,rejected-distance,3
161,0.667083,0,,,,,,,30.88,rejected-distance,3
162,0.671250,0,,,,,,,31.17,rejected-distance,3
163,0.675417,0,,,,,,,31.47,rejected-distance,3
164,0.679583,0,,,,,,,31.76,rejected-distance,4
165,0.683750,0,,,,,,,32.00,rejected-distance,4
166,0.687917,0,,,,,,,32.25,rejected-distance,4
167,0.692083,0,,,,,,,32.43,rejected-distance,5
168,0.696250,0,,,,,,,32.61,rejected-distance,4
169,0.700417,0,,,,,,,32.73,rejected-distance,4
170,0.704583,0,,,,,,,32.78,rejected-distance,4
171,0.708750,0,,,,,,,32.75,rejected-distance,4
172,0.712917,0,,,,,,,32.71,rejected-distance,4
173,0.717083,0,,,,,,,32.59,rejected-distance,4
174,0.721250,0,,,,,,,32.49,rejected-distance,4
175,0.725417,0,,,,,,,32.39,rejected-distance,4
176,0.729583,0,,,,,,,32.29,rejected-distance,4
177,0.733750,0,,,,,,,32.18,rejected-distance,5
178,0.737917,0,,,,,,,32.05,rejected-distance,5
179,0.742083,0,,,,,,,31.95,rejected-distance,5
180,0.746250,0,,,,,,,31.86,rejected-distance,5
181,0.750417,0,,,,,,,31.77,rejected-distance,5
182,0.754583,0,,,,,,,31.67,rejected-distance,5
183,0.758750,0,,,,,,,31.49,rejected-distance,5
184,0.762917,0,,,,,,,31.29,rejected-distance,5
185,0.767083,0,,,,,,,31.02,rejected-distance,4
186,0.771250,0,,,,,,,30.74,rejected-distance,2
187,0.775417,0,,,,,,,30.44,rejected-distance,3
188,0.779583,0,,,,,,,30.13,rejected-distance,3
189,0.783750,0,,,,,,,29.85,rejected-distance,3
190,0.787917,0,,,,,,,29.59,rejected-distance,2
191,0.792083,0,,,,,,,29.35,rejected-distance,4
192,0.796250,0,,,,,,,29.11,rejected-distance,2
193,0.800417,0,,,,,,,28.82,rejected-distance,3
194,0.804583,0,,,,,,,28.52,rejected-distance,3
195,0.808750,0,,,,,,,28.19,rejected-distance,3
196,0.812917,0,,,,,,,27.90,rejected-distance,3
197,0.817083,0,,,,,,,27.62,rejected-distance,3
198,0.821250,0,,,,,,,27.33,rejected-distance,2
199,0.825417,0,,,,,,,27.02,rejected-distance,3
200,0.829583,0,,,,,,,26.70,rejected-distance,3
201,0.833750,0,,,,,,,26.36,rejected-distance,3
202,0.837917,0,,,,,,,26.02,rejected-distance,3
203,0.842083,0,,,,,,,25.66,rejected-distance,2
204,0.846250,0,,,,,,,25.30,rejected-distance,3
205,0.850417,0,,,,,,,24.96,rejected-distance,3
206,0.854583,0,,,,,,,24.61,rejected-distance,4
207,0.858750,0,,,,,,,24.30,rejected-distance,4
208,0.862917,0,,,,,,,23.99,rejected-distance,3
209,0.867083,0,,,,,,,23.69,rejected-distance,2
210,0.871250,0,,,,,,,23.40,rejected-distance,2
211,0.875417,0,,,,,,,23.09,rejected-distance,4
212,0.879583,0,,,,,,,22.79,rejected-distance,2
213,0.883750,0,,,,,,,22.48,rejected-distance,2
214,0.887917,0,,,,,,,22.17,rejected-distance,1
215,0.892083,0,,,,,,,21.80,rejected-distance,2
216,0.896250,0,,,,,,,21.42,rejected-distance,2
217,0.900417,0,,,,,,,21.01,rejected-distance,3
218,0.904583,0,,,,,,,20.58,rejected-distance,3
219,0.908750,0,,,,,,,20.16,rejected-distance,4
220,0.912917,0,,,,,,,19.75,rejected-distance,4
221,0.917083,0,,,,,,,19.32,rejected-distance,3
222,0.921250,0,,,,,,,18.85,rejected-distance,3
223,0.925417,0,,,,,,,18.40,rejected-distance,3
224,0.929583,0,,,,,,,17.94,rejected-distance,3
225,0.933750,0,,,,,,,17.48,rejected-distance,3
226,0.937917,0,,,,,,,17.01,rejected-distance,4
227,0.942083,0,,,,,,,16.59,rejected-distance,4
228,0.946250,0,,,,,,,16.21,rejected-distance,2
229,0.950417,0,,,,,,,15.81,rejected-distance,2
230,0.954583,0,,,,,,,15.43,rejected-distance,2
231,0.958750,0,,,,,,,15.07,rejected-distance,2
232,0.962917,0,,,,,,,14.66,rejected-distance,2
233,0.967083,0,,,,,,,14.24,rejected-distance,5
234,0.971250,0,,,,,,,13.82,rejected-distance,5
235,0.975417,0,,,,,,,13.43,rejected-distance,5
236,0.979583,0,,,,,,,13.11,rejected-distance,4
237,0.983750,0,,,,,,,12.85,rejected-distance,4
238,0.987917,0,,,,,,,12.58,rejected-distance,4
239,0.992083,0,,,,,,,12.39,rejected-distance,5
240,0.996250,0,,,,,,,12.20,rejected-distance,3
241,1.000417,0,,,,,,,12.05,rejected-distance,4
242,1.004583,0,,,,,,,11.94,rejected-distance,3
243,1.008750,0,,,,,,,11.84,rejected-distance,4
244,1.012917,0,,,,,,,11.73,rejected-distance,3
245,1.017083,0,,,,,,,11.62,rejected-distance,3
246,1.021250,0,,,,,,,11.52,rejected-distance,3
247,1.025417,0,,,,,,,11.41,rejected-distance,3
248,1.029583,0,,,,,,,11.31,rejected-distance,4
249,1.033750,0,,,,,,,11.24,rejected-distance,4
250,1.037917,0,,,,,,,11.18,rejected-distance,4
251,1.042083,0,,,,,,,11.11,rejected-distance,4
252,1.046250,0,,,,,,,11.06,rejected-distance,4
253,1.050417,0,,,,,,,11.06,rejected-distance,4
254,1.054583,0,,,,,,,11.07,rejected-distance,4
255,1.058750,0,,,,,,,11.16,rejected-distance,3
256,1.062917,0,,,,,,,11.28,rejected-distance,3
257,1.067083,0,,,,,,,11.49,rejected-distance,4
258,1.071250,0,,,,,,,11.70,rejected-distance,4
259,1.075417,0,,,,,,,11.91,rejected-distance,4
260,1.079583,0,,,,,,,12.11,rejected-distance,4
261,1.083750,0,,,,,,,12.30,rejected-distance,5
262,1.087917,0,,,,,,,12.48,rejected-distance,5
263,1.092083,0,,,,,,,12.62,rejected-distance,4
264,1.096250,0,,,,,,,12.75,rejected-distance,4
265,1.100417,0,,,,,,,12.88,rejected-distance,4
266,1.104583,0,,,,,,,13.02,rejected-distance,4
267,1.108750,0,,,,,,,13.20,rejected-distance,3
268,1.112917,0,,,,,,,13.38,rejected-distance,4
269,1.117083,0,,,,,,,13.59,rejected-distance,4
270,1.121250,0,,,,,,,13.81,rejected-distance,4
271,1.125417,0,,,,,,,14.04,rejected-distance,5
272,1.129583,0,,,,,,,14.28,rejected-distance,5
273,1.133750,0,,,,,,,14.59,rejected-distance,5
274,1.137917,0,,,,,,,14.94,rejected-distance,4
275,1.142083,0,,,,,,,15.32,rejected-distance,4
276,1.146250,0,,,,,,,15.72,rejected-distance,3
277,1.150417,0,,,,,,,16.14,rejected-distance,3
278,1.154583,0,,,,,,,16.60,rejected-distance,3
279,1.158750,0,,,,,,,17.09,rejected-distance,3
280,1.162917,0,,,,,,,17.57,rejected-distance,3
281,1.167083,0,,,,,,,18.06,rejected-distance,3
282,1.171250,0,,,,,,,18.52,rejected-distance,3
283,1.175417,0,,,,,,,18.96,rejected-distance,3
284,1.179583,0,,,,,,,19.36,rejected-distance,2
285,1.183750,0,,,,,,,19.73,rejected-distance,4
286,1.187917,0,,,,,,,20.10,rejected-distance,4
287,1.192083,0,,,,,,,20.49,rejected-distance,4
288,1.196250,0,,,,,,,20.87,rejected-distance,4
289,1.200417,0,,,,,,,21.22,rejected-distance,5
290,1.204583,0,,,,,,,21.55,rejected-distance,5
291,1.208750,0,,,,,,,21.88,rejected-distance,4
292,1.212917,0,,,,,,,22.23,rejected-distance,3
293,1.217083,0,,,,,,,22.59,rejected-distance,4
294,1.221250,0,,,,,,,22.98,rejected-distance,3
295,1.225417,0,,,,,,,23.39,rejected-distance,4
296,1.229583,0,,,,,,,23.80,rejected-distance,3
297,1.233750,0,,,,,,,24.16,rejected-distance,3
298,1.237917,0,,,,,,,24.51,rejected-distance,3
299,1.242083,0,,,,,,,24.84,rejected-distance,3
300,1.246250,0,,,,,,,25.17,rejected-distance,3
301,1.250417,0,,,,,,,25.49,rejected-distance,3
302,1.254583,0,,,,,,,25.79,rejected-distance,3
303,1.258750,0,,,,,,,26.07,rejected-distance,3
304,1.262917,0,,,,,,,26.34,rejected-distance,3
305,1.267083,0,,,,,,,26.55,rejected-distance,2
306,1.271250,0,,,,,,,26.73,rejected-distance,2
307,1.275417,0,,,,,,,26.84,rejected-distance,2
308,1.279583,0,,,,,,,26.92,rejected-distance,2
309,1.283750,0,,,,,,,27.00,rejected-distance,2
310,1.287917,0,,,,,,,27.07,rejected-distance,2
311,1.292083,0,,,,,,,27.13,rejected-distance,2
312,1.296250,0,,,,,,,27.20,rejected-distance,2
313,1.300417,0,,,,,,,27.21,rejected-distance,2
314,1.304583,0,,,,,,,27.23,rejected-distance,2
315,1.308750,0,,,,,,,27.18,rejected-distance,2
316,1.312917,0,,,,,,,27.12,rejected-distance,2
317,1.317083,0,,,,,,,26.99,rejected-distance,2
318,1.321250,0,,,,,,,26.87,rejected-distance,2
319,1.325417,0,,,,,,,26.68,rejected-distance,2
320,1.329583,0,,,,,,,26.48,rejected-distance,2
321,1.333750,0,,,,,,,26.23,rejected-distance,2
322,1.337917,0,,,,,,,25.97,rejected-distance,2
323,1.342083,0,,,,,,,25.69,rejected-distance,2
324,1.346250,0,,,,,,,25.43,rejected-distance,2
325,1.350417,0,,,,,,,25.12,rejected-distance,2
326,1.354583,0,,,,,,,24.80,rejected-distance,3
327,1.358750,0,,,,,,,24.50,rejected-distance,3
328,1.362917,0,,,,,,,24.18,rejected-distance,3
329,1.367083,0,,,,,,,23.84,rejected-distance,3
330,1.371250,0,,,,,,,23.50,rejected-distance,3
331,1.375417,0,,,,,,,23.19,rejected-distance,3
332,1.379583,0,,,,,,,22.89,rejected-distance,4
333,1.383750,0,,,,,,,22.60,rejected-distance,4
334,1.387917,0,,,,,,,22.32,rejected-distance,3
335,1.392083,0,,,,,,,22.05,rejected-distance,3
336,1.396250,0,,,,,,,21.79,rejected-distance,3
337,1.400417,0,,,,,,,21.63,rejected-distance,3
338,1.404583,0,,,,,,,21.50,rejected-distance,3
339,1.408750,0,,,,,,,21.40,rejected-distance,3
340,1.412917,0,,,,,,,21.34,rejected-distance,2
341,1.417083,0,,,,,,,21.39,rejected-distance,3
342,1.421250,0,,,,,,,21.47,rejected-distance,4
343,1.425417,0,,,,,,,21.60,rejected-distance,4
344,1.429583,0,,,,,,,21.74,rejected-distance,4
345,1.433750,0,,,,,,,21.93,rejected-distance,3
346,1.437917,0,,,,,,,22.14,rejected-distance,3
347,1.442083,0,,,,,,,22.39,rejected-distance,3
348,1.446250,0,,,,,,,22.64,rejected-distance,3
349,1.450417,0,,,,,,,22.91,rejected-distance,3
350,1.454583,0,,,,,,,23.18,rejected-distance,3
351,1.458750,0,,,,,,,23.42,rejected-distance,3
352,1.462917,0,,,,,,,23.63,rejected-distance,2
353,1.467083,0,,,,,,,23.75,rejected-distance,3
354,1.471250,0,,,,,,,23.87,rejected-distance,1
355,1.475417,0,,,,,,,23.96,rejected-distance,3
356,1.479583,0,,,,,,,24.06,rejected-distance,3
357,1.483750,0,,,,,,,24.17,rejected-distance,3
358,1.487917,0,,,,,,,24.30,rejected-distance,4
359,1.492083,0,,,,,,,24.42,rejected-distance,4
360,1.496250,0,,,,,,,24.54,rejected-distance,4
361,1.500417,0,,,,,,,24.61,rejected-distance,4
362,1.504583,0,,,,,,,24.67,rejected-distance,5
363,1.508750,0,,,,,,,24.70,rejected-distance,5
364,1.512917,0,,,,,,,24.73,rejected-distance,4
365,1.517083,0,,,,,,,24.73,rejected-distance,4
366,1.521250,0,,,,,,,24.74,rejected-distance,4
367,1.525417,0,,,,,,,24.72,rejected-distance,3
368,1.529583,0,,,,,,,24.69,rejected-distance,3
369,1.533750,0,,,,,,,24.60,rejected-distance,3
370,1.537917,0,,,,,,,24.39,rejected-distance,3
371,1.542083,0,,,,,,,24.11,rejected-distance,6
372,1.546250,0,,,,,,,23.85,rejected-distance,4
373,1.550417,0,,,,,,,23.58,rejected-distance,5
374,1.554583,0,,,,,,,23.33,rejected-distance,4
375,1.558750,0,,,,,,,23.08,rejected-distance,4
376,1.562917,0,,,,,,,22.86,rejected-distance,4
377,1.567083,0,,,,,,,22.65,rejected-distance,4
378,1.571250,0,,,,,,,22.41,rejected-distance,3
379,1.575417,0,,,,,,,22.20,rejected-distance,3
380,1.579583,0,,,,,,,22.00,rejected-distance,2
381,1.583750,0,,,,,,,21.77,rejected-distance,3
382,1.587917,0,,,,,,,21.53,rejected-distance,3
383,1.592083,0,,,,,,,21.24,rejected-distance,3
384,1.596250,0,,,,,,,20.96,rejected-distance,3
385,1.600417,0,,,,,,,20.70,rejected-distance,3
386,1.604583,0,,,,,,,20.45,rejected-distance,3
387,1.608750,0,,,,,,,20.21,rejected-distance,3
388,1.612917,0,,,,,,,19.99,rejected-distance,3
389,1.617083,0,,,,,,,19.77,rejected-distance,3
390,1.621250,0,,,,,,,19.56,rejected-distance,3
391,1.625417,0,,,,,,,19.37,rejected-distance,3
392,1.629583,0,,,,,,,19.18,rejected-distance,3
393,1.633750,0,,,,,,,19.02,rejected-distance,3
394,1.638333,0,,,,,,,18.86,rejected-distance,3
395,1.642500,0,,,,,,,18.71,rejected-distance,3
396,1.646667,0,,,,,,,18.57,rejected-distance,3
397,1.650833,0,,,,,,,18.51,rejected-distance,3
398,1.655000,0,,,,,,,18.47,rejected-distance,3
399,1.659167,0,,,,,,,18.46,rejected-distance,3
400,1.663333,0,,,,,,,18.44,rejected-distance,2
401,1.667500,0,,,,,,,18.43,rejected-distance,3
402,1.671667,0,,,,,,,18.43,rejected-distance,3
403,1.675833,0,,,,,,,18.43,rejected-distance,3
404,1.680000,0,,,,,,,18.43,rejected-distance,2
405,1.684167,0,,,,,,,18.45,rejected-distance,2
406,1.688333,0,,,,,,,18.47,rejected-distance,3
407,1.692500,0,,,,,,,18.49,rejected-distance,4
408,1.696667,0,,,,,,,18.51,rejected-distance,4
409,1.700833,0,,,,,,,18.48,rejected-distance,4
410,1.705000,0,,,,,,,18.46,rejected-distance,3
411,1.709167,0,,,,,,,18.42,rejected-distance,3
412,1.713333,0,,,,,,,18.39,rejected-distance,3
413,1.717500,0,,,,,,,18.35,rejected-distance,2
414,1.721667,0,,,,,,,18.31,rejected-distance,4
415,1.725833,0,,,,,,,18.26,rejected-distance,3
416,1.730000,0,,,,,,,18.20,rejected-distance,3
417,1.734167,0,,,,,,,18.07,rejected-distance,3
418,1.738333,0,,,,,,,17.93,rejected-distance,3
419,1.742500,0,,,,,,,17.70,rejected-distance,3
420,1.746667,0,,,,,,,17.48,rejected-distance,2
421,1.750833,0,,,,,,,17.25,rejected-distance,2
422,1.755000,0,,,,,,,17.02,rejected-distance,2
423,1.759167,0,,,,,,,16.77,rejected-distance,2
424,1.763333,0,,,,,,,16.53,rejected-distance,2
425,1.767500,0,,,,,,,16.24,rejected-distance,2
426,1.771667,0,,,,,,,15.94,rejected-distance,2
427,1.775833,0,,,,,,,15.68,rejected-distance,2
428,1.780000,0,,,,,,,15.42,rejected-distance,2
429,1.784167,0,,,,,,,15.20,rejected-distance,4
430,1.788333,0,,,,,,,14.99,rejected-distance,4
431,1.792500,0,,,,,,,14.84,rejected-distance,4
432,1.796667,0,,,,,,,14.70,rejected-distance,4
433,1.800833,0,,,,,,,14.60,rejected-distance,3
434,1.805000,0,,,,,,,14.50,rejected-distance,3
435,1.809167,0,,,,,,,14.39,rejected-distance,3
436,1.813333,0,,,,,,,14.30,rejected-distance,3
437,1.817500,0,,,,,,,14.25,rejected-distance,3
438,1.821667,0,,,,,,,14.20,rejected-distance,3
439,1.825833,0,,,,,,,14.20,rejected-distance,2
440,1.830000,0,,,,,,,14.20,rejected-distance,2
441,1.834167,0,,,,,,,14.20,rejected-distance,2
442,1.838333,0,,,,,,,14.20,rejected-distance,3
443,1.842500,0,,,,,,,14.20,rejected-distance,4
444,1.846667,0,,,,,,,14.18,rejected-distance,4
445,1.850833,0,,,,,,,14.13,rejected-distance,3
446,1.855000,0,,,,,,,14.08,rejected-distance,3
447,1.859167,0,,,,,,,14.03,rejected-distance,3
448,1.863333,0,,,,,,,13.99,rejected-distance,3
449,1.867500,0,,,,,,,13.98,rejected-distance,3
450,1.871667,0,,,,,,,13.99,rejected-distance,3
451,1.875833,0,,,,,,,14.06,rejected-distance,4
452,1.880000,0,,,,,,,14.15,rejected-distance,4
453,1.884167,0,,,,,,,14.25,rejected-distance,4
454,1.888333,0,,,,,,,14.35,rejected-distance,5
455,1.892500,0,,,,,,,14.47,rejected-distance,7
456,1.896667,0,,,,,,,14.60,rejected-distance,6
457,1.900833,0,,,,,,,14.72,rejected-distance,7
458,1.905000,0,,,,,,,14.85,rejected-distance,7
459,1.909167,0,,,,,,,14.98,rejected-distance,7
460,1.913333,0,,,,,,,15.08,rejected-distance,6
461,1.917500,0,,,,,,,15.16,rejected-distance,7
462,1.921667,0,,,,,,,15.21,rejected-distance,7
463,1.925833,0,,,,,,,15.22,rejected-distance,7
464,1.930000,0,,,,,,,15.21,rejected-distance,7
465,1.934167,0,,,,,,,15.20,rejected-distance,7
466,1.938333,0,,,,,,,15.18,rejected-distance,6
467,1.942500,0,,,,,,,15.18,rejected-distance,6
468,1.946667,0,,,,,,,15.18,rejected-distance,6
469,1.950833,0,,,,,,,15.22,rejected-distance,5
470,1.955000,0,,,,,,,15.23,rejected-distance,5
471,1.959167,0,,,,,,,15.26,rejected-distance,5
472,1.963333,0,,,,,,,15.29,rejected-distance,5
473,1.967500,0,,,,,,,15.32,rejected-distance,5
474,1.971667,0,,,,,,,15.35,rejected-distance,5
475,1.975833,0,,,,,,,15.39,rejected-distance,6
476,1.980000,0,,,,,,,15.46,rejected-distance,6
477,1.984167,0,,,,,,,15.62,rejected-distance,5
478,1.988333,0,,,,,,,15.80,rejected-distance,5
479,1.992500,0,,,,,,,15.99,rejected-distance,5
480,1.996667,0,,,,,,,16.17,rejected-distance,5
481,2.000833,0,,,,,,,16.40,rejected-distance,5
482,2.005000,0,,,,,,,16.65,rejected-distance,5
483,2.009167,0,,,,,,,16.94,rejected-distance,4
484,2.013333,0,,,,,,,17.25,rejected-distance,2
485,2.017500,0,,,,,,,17.57,rejected-distance,4
486,2.021667,0,,,,,,,17.90,rejected-distance,4
487,2.025833,0,,,,,,,18.21,rejected-distance,4
488,2.030000,0,,,,,,,18.51,rejected-distance,3
489,2.034167,0,,,,,,,18.80,rejected-distance,4
490,2.038333,0,,,,,,,19.10,rejected-distance,3
491,2.042500,0,,,,,,,19.40,rejected-distance,4
492,2.046667,0,,,,,,,19.69,rejected-distance,3
493,2.050833,0,,,,,,,19.92,rejected-distance,3
494,2.055000,0,,,,,,,20.14,rejected-distance,3
495,2.059167,0,,,,,,,20.30,rejected-distance,4
496,2.063333,0,,,,,,,20.47,rejected-distance,5
497,2.067500,0,,,,,,,20.57,rejected-distance,5
498,2.071667,0,,,,,,,20.68,rejected-distance,5
499,2.075833,0,,,,,,,20.74,rejected-distance,6
500,2.080000,0,,,,,,,20.78,rejected-distance,4
501,2.084167,0,,,,,,,20.78,rejected-distance,4
502,2.088333,0,,,,,,,20.79,rejected-distance,4
503,2.092500,0,,,,,,,20.77,rejected-distance,4
504,2.096667,0,,,,,,,20.76,rejected-distance,3
505,2.100833,0,,,,,,,20.71,rejected-distance,3
506,2.105000,0,,,,,,,20.69,rejected-distance,3
507,2.109167,0,,,,,,,20.67,rejected-distance,3
508,2.113333,0,,,,,,,20.65,rejected-distance,3
509,2.117500,0,,,,,,,20.70,rejected-distance,3
510,2.121667,0,,,,,,,20.76,rejected-distance,4
511,2.125833,0,,,,,,,20.79,rejected-distance,3
512,2.130000,0,,,,,,,20.82,rejected-distance,3
513,2.134167,0,,,,,,,20.83,rejected-distance,3
514,2.138333,0,,,,,,,20.83,rejected-distance,3
515,2.142500,0,,,,,,,20.72,rejected-distance,3
516,2.146667,0,,,,,,,20.62,rejected-distance,3
517,2.150833,0,,,,,,,20.55,rejected-distance,3
518,2.155000,0,,,,,,,20.50,rejected-distance,4
519,2.159167,0,,,,,,,20.47,rejected-distance,3
520,2.163333,0,,,,,,,20.44,rejected-distance,3
521,2.167500,0,,,,,,,20.37,rejected-distance,3
522,2.171667,0,,,,,,,20.29,rejected-distance,3
523,2.175833,0,,,,,,,20.20,rejected-distance,3
524,2.180000,0,,,,,,,20.12,rejected-distance,3
525,2.184167,0,,,,,,,20.03,rejected-distance,3
526,2.188333,0,,,,,,,19.93,rejected-distance,3
527,2.192500,0,,,,,,,19.85,rejected-distance,4
528,2.196667,0,,,,,,,19.78,rejected-distance,3
529,2.200833,0,,,,,,,19.67,rejected-distance,4
530,2.205000,0,,,,,,,19.57,rejected-distance,3
531,2.209167,0,,,,,,,19.48,rejected-distance,3
532,2.213333,0,,,,,,,19.39,rejected-distance,3
533,2.217500,0,,,,,,,19.33,rejected-distance,3
534,2.221667,0,,,,,,,19.27,rejected-distance,3
535,2.225833,0,,,,,,,19.23,rejected-distance,3
536,2.230000,0,,,,,,,19.18,rejected-distance,3
537,2.234167,0,,,,,,,19.17,rejected-distance,4
538,2.238333,0,,,,,,,19.17,rejected-distance,4
539,2.242500,0,,,,,,,19.17,rejected-distance,4
540,2.246667,0,,,,,,,19.39,rejected-distance,3
541,2.250833,0,,,,,,,19.62,rejected-distance,3
542,2.255000,0,,,,,,,19.86,rejected-distance,3
543,2.259167,0,,,,,,,20.17,rejected-distance,4
544,2.263333,0,,,,,,,20.48,rejected-distance,4
545,2.267500,0,,,,,,,20.75,rejected-distance,4
546,2.271667,0,,,,,,,21.02,rejected-distance,3
547,2.275833,0,,,,,,,21.22,rejected-distance,3
548,2.280000,0,,,,,,,21.41,rejected-distance,3
549,2.284167,0,,,,,,,21.60,rejected-distance,3
550,2.288333,0,,,,,,,21.78,rejected-distance,3
551,2.292500,0,,,,,,,21.92,rejected-distance,4
552,2.296667,0,,,,,,,22.04,rejected-distance,5
553,2.300833,0,,,,,,,22.09,rejected-distance,4
554,2.305000,0,,,,,,,22.15,rejected-distance,4
555,2.309167,0,,,,,,,22.17,rejected-distance,4
556,2.313333,0,,,,,,,22.19,rejected-distance,4
557,2.317500,0,,,,,,,22.18,rejected-distance,4
558,2.321667,0,,,,,,,22.18,rejected-distance,4
559,2.325833,0,,,,,,,22.15,rejected-distance,4
560,2.330000,0,,,,,,,22.10,rejected-distance,4
561,2.334167,0,,,,,,,21.97,rejected-distance,4
562,2.338333,0,,,,,,,21.82,rejected-distance,4
563,2.342500,0,,,,,,,21.60,rejected-distance,4
564,2.346667,0,,,,,,,21.37,rejected-distance,4
565,2.350833,0,,,,,,,21.13,rejected-distance,4
566,2.355000,0,,,,,,,20.90,rejected-distance,4
567,2.359167,0,,,,,,,20.66,rejected-distance,4
568,2.363333,0,,,,,,,20.43,rejected-distance,4
569,2.367500,0,,,,,,,20.20,rejected-distance,4
570,2.371667,0,,,,,,,19.96,rejected-distance,4
571,2.375833,0,,,,,,,19.72,rejected-distance,4
572,2.380000,0,,,,,,,19.48,rejected-distance,4
573,2.384167,0,,,,,,,19.26,rejected-distance,4
574,2.388333,0,,,,,,,19.06,rejected-distance,3
575,2.392500,0,,,,,,,18.88,rejected-distance,3
576,2.396667,0,,,,,,,18.72,rejected-distance,4
577,2.400833,0,,,,,,,18.54,rejected-distance,5
578,2.405000,0,,,,,,,18.35,rejected-distance,3
579,2.409167,0,,,,,,,18.14,rejected-distance,4
580,2.413333,0,,,,,,,17.95,rejected-distance,4
581,2.417500,0,,,,,,,17.79,rejected-distance,4
582,2.421667,0,,,,,,,17.68,rejected-distance,4
583,2.425833,0,,,,,,,17.58,rejected-distance,5
584,2.430000,0,,,,,,,17.48,rejected-distance,4
585,2.434167,0,,,,,,,17.37,rejected-distance,4
586,2.438333,0,,,,,,,17.28,rejected-distance,4
587,2.442500,0,,,,,,,17.21,rejected-distance,4
588,2.446667,0,,,,,,,17.14,rejected-distance,4
589,2.450833,0,,,,,,,17.04,rejected-distance,4
590,2.455000,0,,,,,,,16.95,rejected-distance,4
591,2.459167,0,,,,,,,16.85,rejected-distance,4
592,2.463333,0,,,,,,,16.75,rejected-distance,4
593,2.467500,0,,,,,,,16.65,rejected-distance,4
594,2.471667,0,,,,,,,16.57,rejected-distance,4
595,2.475833,0,,,,,,,16.50,rejected-distance,4
596,2.480000,0,,,,,,,16.46,rejected-distance,4
597,2.484167,0,,,,,,,16.38,rejected-distance,3
598,2.488333,0,,,,,,,16.30,rejected-distance,3
599,2.492500,0,,,,,,,16.21,rejected-distance,3
600,2.496667,0,,,,,,,16.12,rejected-distance,2
601,2.500833,0,,,,,,,16.03,rejected-distance,3
602,2.505000,0,,,,,,,15.95,rejected-distance,2
603,2.509167,0,,,,,,,15.88,rejected-distance,4
604,2.513333,0,,,,,,,15.84,rejected-distance,4
605,2.517500,0,,,,,,,15.83,rejected-distance,4
606,2.521667,0,,,,,,,15.81,rejected-distance,4
607,2.525833,0,,,,,,,15.79,rejected-distance,4
608,2.530000,0,,,,,,,15.76,rejected-distance,4
609,2.534167,0,,,,,,,15.69,rejected-distance,4
610,2.538333,0,,,,,,,15.64,rejected-distance,3
611,2.542500,0,,,,,,,15.60,rejected-distance,3
612,2.546667,0,,,,,,,15.58,rejected-distance,4
613,2.550833,0,,,,,,,15.61,rejected-distance,4
614,2.555000,0,,,,,,,15.65,rejected-distance,3
615,2.559167,0,,,,,,,15.69,rejected-distance,3
616,2.563333,0,,,,,,,15.74,rejected-distance,3
617,2.567500,0,,,,,,,15.83,rejected-distance,2
618,2.571667,0,,,,,,,15.94,rejected-distance,3
619,2.575833,0,,,,,,,16.05,rejected-distance,3
620,2.580000,0,,,,,,,16.18,rejected-distance,3
621,2.584167,0,,,,,,,16.32,rejected-distance,3
622,2.588333,0,,,,,,,16.47,rejected-distance,3
623,2.592500,0,,,,,,,16.63,rejected-distance,3
624,2.596667,0,,,,,,,16.78,rejected-distance,3
625,2.600833,0,,,,,,,16.92,rejected-distance,3
626,2.605000,0,,,,,,,17.05,rejected-distance,3
627,2.609167,0,,,,,,,17.16,rejected-distance,3
628,2.613333,0,,,,,,,17.26,rejected-distance,3
629,2.617500,0,,,,,,,17.29,rejected-distance,3
630,2.621667,0,,,,,,,17.34,rejected-distance,3
631,2.625833,0,,,,,,,17.33,rejected-distance,3
632,2.630000,0,,,,,,,17.33,rejected-distance,3
633,2.634167,0,,,,,,,17.39,rejected-distance,3
634,2.638333,0,,,,,,,17.47,rejected-distance,3
635,2.642500,0,,,,,,,17.59,rejected-distance,3
636,2.646667,0,,,,,,,17.70,rejected-distance,3
637,2.650833,0,,,,,,,17.81,rejected-distance,3
638,2.655000,0,,,,,,,17.88,rejected-distance,3
639,2.659167,0,,,,,,,17.94,rejected-distance,3
640,2.663333,0,,,,,,,18.01,rejected-distance,3
641,2.667500,0,,,,,,,18.07,rejected-distance,3
642,2.671667,0,,,,,,,18.13,rejected-distance,3
643,2.675833,0,,,,,,,18.17,rejected-distance,3
644,2.680000,0,,,,,,,18.21,rejected-distance,3
645,2.684167,0,,,,,,,18.22,rejected-distance,3
646,2.688333,0,,,,,,,18.23,rejected-distance,4
647,2.692500,0,,,,,,,18.24,rejected-distance,3
648,2.696667,0,,,,,,,18.23,rejected-distance,3
649,2.700833,0,,,,,,,18.13,rejected-distance,3
650,2.705000,0,,,,,,,18.03,rejected-distance,3
651,2.709167,0,,,,,,,17.85,rejected-distance,4
652,2.713333,0,,,,,,,17.67,rejected-distance,4
653,2.717500,0,,,,,,,17.50,rejected-distance,5
654,2.721667,0,,,,,,,17.35,rejected-distance,4
655,2.725833,0,,,,,,,17.20,rejected-distance,4
656,2.730417,0,,,,,,,17.05,rejected-distance,4
657,2.734583,0,,,,,,,16.89,rejected-distance,4
658,2.738750,0,,,,,,,16.73,rejected-distance,4
659,2.742917,0,,,,,,,16.57,rejected-distance,4
660,2.747083,0,,,,,,,16.41,rejected-distance,3
661,2.751250,0,,,,,,,16.26,rejected-distance,4
662,2.755417,0,,,,,,,16.22,rejected-distance,4
663,2.759583,0,,,,,,,16.12,rejected-distance,4
664,2.763750,0,,,,,,,16.04,rejected-distance,4
665,2.767917,0,,,,,,,15.99,rejected-distance,4
666,2.772083,0,,,,,,,15.93,rejected-distance,4
667,2.776250,0,,,,,,,15.86,rejected-distance,4
668,2.780417,0,,,,,,,15.80,rejected-distance,4
669,2.784583,0,,,,,,,15.82,rejected-distance,4
670,2.788750,0,,,,,,,15.83,rejected-distance,4
671,2.792917,0,,,,,,,15.86,rejected-distance,4
672,2.797083,0,,,,,,,15.88,rejected-distance,4
673,2.801250,0,,,,,,,15.92,rejected-distance,4
674,2.805417,0,,,,,,,15.95,rejected-distance,4
675,2.809583,0,,,,,,,15.98,rejected-distance,4
676,2.813750,0,,,,,,,16.02,rejected-distance,4
677,2.817917,0,,,,,,,16.10,rejected-distance,3
678,2.822083,0,,,,,,,16.16,rejected-distance,3
679,2.826250,0,,,,,,,16.18,rejected-distance,3
680,2.830417,0,,,,,,,16.20,rejected-distance,3
681,2.834583,0,,,,,,,16.21,rejected-distance,3
682,2.838750,0,,,,,,,16.22,rejected-distance,3
683,2.842917,0,,,,,,,16.28,rejected-distance,3
684,2.847083,0,,,,,,,16.36,rejected-distance,3
685,2.851250,0,,,,,,,16.49,rejected-distance,3
686,2.855417,0,,,,,,,16.60,rejected-distance,3
687,2.859583,0,,,,,,,16.72,rejected-distance,3
688,2.863750,0,,,,,,,16.82,rejected-distance,3
689,2.867917,0,,,,,,,16.85,rejected-distance,3
690,2.872083,0,,,,,,,16.85,rejected-distance,3
691,2.876250,0,,,,,,,16.86,rejected-distance,3
692,2.880417,0,,,,,,,16.87,rejected-distance,3
693,2.884583,0,,,,,,,16.85,rejected-distance,3
694,2.888750,0,,,,,,,16.86,rejected-distance,3
695,2.892917,0,,,,,,,16.94,rejected-distance,3
696,2.897083,0,,,,,,,17.04,rejected-distance,3
697,2.901250,0,,,,,,,17.14,rejected-distance,3
698,2.905417,0,,,,,,,17.18,rejected-distance,3
699,2.909583,0,,,,,,,17.25,rejected-distance,3
700,2.913750,0,,,,,,,17.33,rejected-distance,3
701,2.917917,0,,,,,,,17.42,rejected-distance,3
702,2.922083,0,,,,,,,17.50,rejected-distance,3
703,2.926250,0,,,,,,,17.59,rejected-distance,4
704,2.930417,0,,,,,,,17.69,rejected-distance,4
705,2.934583,0,,,,,,,17.75,rejected-distance,4
706,2.938750,0,,,,,,,17.78,rejected-distance,4
707,2.942917,0,,,,,,,17.81,rejected-distance,4
708,2.947083,0,,,,,,,17.84,rejected-distance,3
709,2.951250,0,,,,,,,17.82,rejected-distance,3
710,2.955417,0,,,,,,,17.80,rejected-distance,3
711,2.959583,0,,,,,,,17.79,rejected-distance,3
712,2.963750,0,,,,,,,17.78,rejected-distance,3
713,2.967917,0,,,,,,,17.80,rejected-distance,4
714,2.972083,0,,,,,,,17.85,rejected-distance,4
715,2.976250,0,,,,,,,17.93,rejected-distance,4
716,2.980417,0,,,,,,,18.01,rejected-distance,4
717,2.984583,0,,,,,,,18.09,rejected-distance,4
718,2.988750,0,,,,,,,18.18,rejected-distance,4
719,2.992917,0,,,,,,,18.25,rejected-distance,4
720,2.997083,0,,,,,,,18.33,rejected-distance,4
721,3.001250,0,,,,,,,18.42,rejected-distance,4
722,3.005417,0,,,,,,,18.50,rejected-distance,5
723,3.009583,0,,,,,,,18.57,rejected-distance,5
724,3.013750,0,,,,,,,18.65,rejected-distance,5
725,3.017917,0,,,,,,,18.67,rejected-distance,5
726,3.022083,0,,,,,,,18.69,rejected-distance,5
727,3.026250,0,,,,,,,18.71,rejected-distance,5
728,3.030417,0,,,,,,,18.72,rejected-distance,5
729,3.034583,0,,,,,,,18.69,rejected-distance,5
730,3.038750,0,,,,,,,18.67,rejected-distance,5
731,3.042917,0,,,,,,,18.58,rejected-distance,4
732,3.047083,0,,,,,,,18.47,rejected-distance,4
733,3.051250,0,,,,,,,18.28,rejected-distance,4
734,3.055417,0,,,,,,,18.09,rejected-distance,4
735,3.059583,0,,,,,,,17.89,rejected-distance,4
736,3.063750,0,,,,,,,17.69,rejected-distance,4
737,3.067917,0,,,,,,,17.52,rejected-distance,4
738,3.072083,0,,,,,,,17.32,rejected-distance,4
739,3.076250,0,,,,,,,17.12,rejected-distance,5
740,3.080417,0,,,,,,,16.91,rejected-distance,3
741,3.084583,0,,,,,,,16.72,rejected-distance,4
742,3.088750,0,,,,,,,16.53,rejected-distance,3
743,3.092917,0,,,,,,,16.36,rejected-distance,3
744,3.097083,0,,,,,,,16.21,rejected-distance,3
745,3.101250,0,,,,,,,16.08,rejected-distance,4
746,3.105417,0,,,,,,,15.96,rejected-distance,4
747,3.109583,0,,,,,,,15.85,rejected-distance,4
748,3.113750,0,,,,,,,15.73,rejected-distance,4
749,3.117917,0,,,,,,,15.62,rejected-distance,4
750,3.122083,0,,,,,,,15.52,rejected-distance,4
751,3.126250,0,,,,,,,15.45,rejected-distance,4
752,3.130417,0,,,,,,,15.41,rejected-distance,4
753,3.134583,0,,,,,,,15.41,rejected-distance,4
754,3.138750,0,,,,,,,15.41,rejected-distance,4
755,3.142917,0,,,,,,,15.40,rejected-distance,4
756,3.147083,0,,,,,,,15.37,rejected-distance,5
757,3.151250,0,,,,,,,15.27,rejected-distance,4
758,3.155417,0,,,,,,,15.18,rejected-distance,4
759,3.159583,0,,,,,,,15.15,rejected-distance,4
760,3.163750,0,,,,,,,15.14,rejected-distance,4
761,3.167917,0,,,,,,,15.10,rejected-distance,4
762,3.172083,0,,,,,,,15.09,rejected-distance,4
763,3.176250,0,,,,,,,14.99,rejected-distance,4
764,3.180417,0,,,,,,,14.89,rejected-distance,4
765,3.184583,0,,,,,,,14.78,rejected-distance,4
766,3.188750,0,,,,,,,14.76,rejected-distance,3
767,3.192917,0,,,,,,,14.69,rejected-distance,3
768,3.197083,0,,,,,,,14.63,rejected-distance,3
769,3.201250,0,,,,,,,14.55,rejected-distance,4
770,3.205417,0,,,,,,,14.46,rejected-distance,4
771,3.209583,0,,,,,,,14.37,rejected-distance,4
772,3.213750,0,,,,,,,14.29,rejected-distance,4
773,3.217917,0,,,,,,,14.21,rejected-distance,4
774,3.222083,0,,,,,,,14.17,rejected-distance,4
775,3.226250,0,,,,,,,14.17,rejected-distance,4
776,3.230417,0,,,,,,,14.18,rejected-distance,4
777,3.234583,0,,,,,,,14.25,rejected-distance,4
778,3.238750,0,,,,,,,14.37,rejected-distance,4
779,3.242917,0,,,,,,,14.51,rejected-distance,4
780,3.247083,0,,,,,,,14.63,rejected-distance,4
781,3.251250,0,,,,,,,14.72,rejected-distance,4
782,3.255417,0,,,,,,,14.80,rejected-distance,5
783,3.259583,0,,,,,,,14.82,rejected-distance,4
784,3.263750,0,,,,,,,14.83,rejected-distance,6
785,3.267917,0,,,,,,,14.87,rejected-distance,6
786,3.272083,0,,,,,,,14.89,rejected-distance,6
787,3.276250,0,,,,,,,14.91,rejected-distance,6
788,3.280417,0,,,,,,,14.95,rejected-distance,6
789,3.284583,0,,,,,,,14.97,rejected-distance,5
790,3.288750,0,,,,,,,14.98,rejected-distance,5
791,3.292917,0,,,,,,,14.98,rejected-distance,5
792,3.297083,0,,,,,,,14.98,rejected-distance,5
793,3.301250,0,,,,,,,14.91,rejected-distance,6
794,3.305417,0,,,,,,,14.86,rejected-distance,6
795,3.309583,0,,,,,,,14.84,rejected-distance,6
796,3.313750,0,,,,,,,14.82,rejected-distance,6
797,3.317917,0,,,,,,,14.85,rejected-distance,5
798,3.322083,0,,,,,,,14.93,rejected-distance,5
799,3.326250,0,,,,,,,15.02,rejected-distance,5
800,3.330417,0,,,,,,,15.13,rejected-distance,5
801,3.334583,0,,,,,,,15.21,rejected-distance,5
802,3.338750,0,,,,,,,15.25,rejected-distance,5
803,3.342917,0,,,,,,,15.31,rejected-distance,4
804,3.347083,0,,,,,,,15.38,rejected-distance,4
805,3.351250,0,,,,,,,15.44,rejected-distance,4
806,3.355417,0,,,,,,,15.51,rejected-distance,4
807,3.359583,0,,,,,,,15.59,rejected-distance,5
808,3.363750,0,,,,,,,15.67,rejected-distance,4
809,3.367917,0,,,,,,,15.74,rejected-distance,4
810,3.372083,0,,,,,,,15.80,rejected-distance,4
811,3.376250,0,,,,,,,15.87,rejected-distance,4
812,3.380417,0,,,,,,,15.94,rejected-distance,4
813,3.384583,0,,,,,,,16.02,rejected-distance,4
814,3.388750,0,,,,,,,16.10,rejected-distance,2
815,3.392917,0,,,,,,,16.17,rejected-distance,2
816,3.397083,0,,,,,,,16.25,rejected-distance,2
817,3.401250,0,,,,,,,16.29,rejected-distance,2
818,3.405417,0,,,,,,,16.34,rejected-distance,4
819,3.409583,0,,,,,,,16.35,rejected-distance,4
820,3.413750,0,,,,,,,16.37,rejected-distance,4
821,3.417917,0,,,,,,,16.37,rejected-distance,3
822,3.422083,0,,,,,,,16.39,rejected-distance,2
823,3.426250,0,,,,,,,16.42,rejected-distance,3
824,3.430417,0,,,,,,,16.46,rejected-distance,2
825,3.434583,0,,,,,,,16.50,rejected-distance,3
826,3.438750,0,,,,,,,16.55,rejected-distance,3
827,3.442917,0,,,,,,,16.59,rejected-distance,3
828,3.447083,0,,,,,,,16.62,rejected-distance,4
829,3.451250,0,,,,,,,16.67,rejected-distance,4
830,3.455417,0,,,,,,,16.74,rejected-distance,4
831,3.459583,0,,,,,,,16.82,rejected-distance,4
832,3.463750,0,,,,,,,16.92,rejected-distance,4
833,3.467917,0,,,,,,,17.05,rejected-distance,4
834,3.472083,0,,,,,,,17.18,rejected-distance,4
835,3.476250,0,,,,,,,17.33,rejected-distance,4
836,3.480417,0,,,,,,,17.46,rejected-distance,3
837,3.484583,0,,,,,,,17.59,rejected-distance,3
838,3.488750,0,,,,,,,17.72,rejected-distance,3
839,3.492917,0,,,,,,,17.85,rejected-distance,3
840,3.497083,0,,,,,,,17.97,rejected-distance,3
841,3.501250,0,,,,,,,18.13,rejected-distance,3
842,3.505417,0,,,,,,,18.23,rejected-distance,3
843,3.509583,0,,,,,,,18.34,rejected-distance,3
844,3.513750,0,,,,,,,18.40,rejected-distance,3
845,3.517917,0,,,,,,,18.48,rejected-distance,3
846,3.522083,0,,,,,,,18.53,rejected-distance,3
847,3.526250,0,,,,,,,18.59,rejected-distance,3
848,3.530417,0,,,,,,,18.64,rejected-distance,3
849,3.534583,0,,,,,,,18.72,rejected-distance,3
850,3.538750,0,,,,,,,18.75,rejected-distance,3
851,3.542917,0,,,,,,,18.77,rejected-distance,3
852,3.547083,0,,,,,,,18.79,rejected-distance,3
853,3.551250,0,,,,,,,18.78,rejected-distance,3
854,3.555417,0,,,,,,,18.76,rejected-distance,3
855,3.559583,0,,,,,,,18.68,rejected-distance,3
856,3.563750,0,,,,,,,18.56,rejected-distance,3
857,3.567917,0,,,,,,,18.45,rejected-distance,3
858,3.572083,0,,,,,,,18.40,rejected-distance,3
859,3.576250,0,,,,,,,18.32,rejected-distance,3
860,3.580417,0,,,,,,,18.25,rejected-distance,3
861,3.584583,0,,,,,,,18.16,rejected-distance,4
862,3.588750,0,,,,,,,18.07,rejected-distance,3
863,3.592917,0,,,,,,,17.96,rejected-distance,3
864,3.597083,0,,,,,,,17.86,rejected-distance,3
865,3.601250,0,,,,,,,17.75,rejected-distance,4
866,3.605417,0,,,,,,,17.69,rejected-distance,5
867,3.609583,0,,,,,,,17.67,rejected-distance,4
868,3.613750,0,,,,,,,17.66,rejected-distance,4
869,3.617917,0,,,,,,,17.72,rejected-distance,4
870,3.622083,0,,,,,,,17.80,rejected-distance,4
871,3.626250,0,,,,,,,17.89,rejected-distance,4
872,3.630417,0,,,,,,,17.99,rejected-distance,4
873,3.634583,0,,,,,,,18.08,rejected-distance,4
874,3.638750,0,,,,,,,18.14,rejected-distance,4
875,3.642917,0,,,,,,,18.17,rejected-distance,4
876,3.647083,0,,,,,,,18.21,rejected-distance,4
877,3.651250,0,,,,,,,18.29,rejected-distance,4
878,3.655417,0,,,,,,,18.36,rejected-distance,4
879,3.659583,0,,,,,,,18.44,rejected-distance,4
880,3.663750,0,,,,,,,18.53,rejected-distance,4
881,3.667917,0,,,,,,,18.59,rejected-distance,4
882,3.672083,0,,,,,,,18.65,rejected-distance,5
883,3.676250,0,,,,,,,18.69,rejected-distance,3
884,3.680417,0,,,,,,,18.75,rejected-distance,4
885,3.684583,0,,,,,,,18.87,rejected-distance,4
886,3.688750,0,,,,,,,19.01,rejected-distance,4
887,3.692917,0,,,,,,,19.26,rejected-distance,3
888,3.697083,0,,,,,,,19.52,rejected-distance,3
889,3.701250,0,,,,,,,19.80,rejected-distance,3
890,3.705417,0,,,,,,,20.13,rejected-distance,3
891,3.709583,0,,,,,,,20.45,rejected-distance,4
892,3.713750,0,,,,,,,20.75,rejected-distance,4
893,3.717917,0,,,,,,,21.07,rejected-distance,3
894,3.722083,0,,,,,,,21.39,rejected-distance,5
895,3.726250,0,,,,,,,21.68,rejected-distance,4
896,3.730417,0,,,,,,,21.94,rejected-distance,4
897,3.734583,0,,,,,,,22.20,rejected-distance,4
898,3.738750,0,,,,,,,22.48,rejected-distance,4
899,3.742917,0,,,,,,,22.72,rejected-distance,4
900,3.747083,0,,,,,,,22.96,rejected-distance,4
901,3.751250,0,,,,,,,23.18,rejected-distance,5
902,3.755417,0,,,,,,,23.37,rejected-distance,5
903,3.759583,0,,,,,,,23.49,rejected-distance,5
904,3.763750,0,,,,,,,23.58,rejected-distance,5
905,3.767917,0,,,,,,,23.66,rejected-distance,5
906,3.772083,0,,,,,,,23.75,rejected-distance,4
907,3.776250,0,,,,,,,23.88,rejected-distance,4
908,3.780417,0,,,,,,,24.01,rejected-distance,3
909,3.784583,0,,,,,,,24.15,rejected-distance,3
910,3.788750,0,,,,,,,24.28,rejected-distance,4
911,3.792917,0,,,,,,,24.41,rejected-distance,3
912,3.797083,0,,,,,,,24.53,rejected-distance,2
913,3.801250,0,,,,,,,24.63,rejected-distance,3
914,3.805417,0,,,,,,,24.73,rejected-distance,2
915,3.809583,0,,,,,,,24.84,rejected-distance,3
916,3.813750,0,,,,,,,24.94,rejected-distance,1
917,3.817917,0,,,,,,,25.03,rejected-distance,3
918,3.822083,0,,,,,,,25.11,rejected-distance,3
919,3.826667,0,,,,,,,25.20,rejected-distance,3
920,3.830833,0,,,,,,,25.26,rejected-distance,3
921,3.835000,0,,,,,,,25.25,rejected-distance,4
922,3.839167,0,,,,,,,25.23,rejected-distance,3
923,3.843333,0,,,,,,,25.13,rejected-distance,3
924,3.847500,0,,,,,,,25.01,rejected-distance,2
925,3.851667,0,,,,,,,24.78,rejected-distance,3
926,3.855833,0,,,,,,,24.53,rejected-distance,3
927,3.860000,0,,,,,,,24.26,rejected-distance,3
928,3.864167,0,,,,,,,23.99,rejected-distance,4
929,3.868333,0,,,,,,,23.67,rejected-distance,3
930,3.872500,0,,,,,,,23.34,rejected-distance,3
931,3.876667,0,,,,,,,22.98,rejected-distance,3
932,3.880833,0,,,,,,,22.61,rejected-distance,1
933,3.885000,0,,,,,,,22.26,rejected-distance,3
934,3.889167,0,,,,,,,21.90,rejected-distance,3
935,3.893333,0,,,,,,,21.56,rejected-distance,3
936,3.897500,0,,,,,,,21.23,rejected-distance,3
937,3.901667,0,,,,,,,20.93,rejected-distance,4
938,3.905833,0,,,,,,,20.63,rejected-distance,4
939,3.910000,0,,,,,,,20.37,rejected-distance,4
940,3.914167,0,,,,,,,20.12,rejected-distance,4
941,3.918333,0,,,,,,,19.91,rejected-distance,5
942,3.922500,0,,,,,,,19.72,rejected-distance,5
943,3.926667,0,,,,,,,19.54,rejected-distance,4
944,3.930833,0,,,,,,,19.38,rejected-distance,3
945,3.935000,0,,,,,,,19.21,rejected-distance,3
946,3.939167,0,,,,,,,19.03,rejected-distance,5
947,3.943333,0,,,,,,,18.85,rejected-distance,5
948,3.947500,0,,,,,,,18.67,rejected-distance,4
949,3.951667,0,,,,,,,18.46,rejected-distance,4
950,3.955833,0,,,,,,,18.26,rejected-distance,3
951,3.960000,0,,,,,,,18.08,rejected-distance,3
952,3.964167,0,,,,,,,17.91,rejected-distance,2
953,3.968333,0,,,,,,,17.73,rejected-distance,2
954,3.972500,0,,,,,,,17.54,rejected-distance,2
955,3.976667,0,,,,,,,17.36,rejected-distance,3
956,3.980833,0,,,,,,,17.22,rejected-distance,2
957,3.985000,0,,,,,,,17.08,rejected-distance,3
958,3.989167,0,,,,,,,16.99,rejected-distance,3
959,3.993333,0,,,,,,,16.94,rejected-distance,3
960,3.997500,0,,,,,,,16.90,rejected-distance,3
961,4.001667,0,,,,,,,16.93,rejected-distance,3
962,4.005833,0,,,,,,,16.98,rejected-distance,3
963,4.010000,0,,,,,,,17.09,rejected-distance,3
964,4.014167,0,,,,,,,17.21,rejected-distance,2
965,4.018333,0,,,,,,,17.30,rejected-distance,3
966,4.022500,0,,,,,,,17.39,rejected-distance,4
967,4.026667,0,,,,,,,17.46,rejected-distance,4
968,4.030833,0,,,,,,,17.53,rejected-distance,4
969,4.035000,0,,,,,,,17.60,rejected-distance,4
970,4.039167,0,,,,,,,17.67,rejected-distance,2
971,4.043333,0,,,,,,,17.76,rejected-distance,2
972,4.047500,0,,,,,,,17.84,rejected-distance,2
973,4.051667,0,,,,,,,17.90,rejected-distance,2
974,4.055833,0,,,,,,,17.95,rejected-distance,2
975,4.060000,0,,,,,,,17.92,rejected-distance,2
976,4.064167,0,,,,,,,17.88,rejected-distance,2
977,4.068333,0,,,,,,,17.82,rejected-distance,3
978,4.072500,0,,,,,,,17.75,rejected-distance,3
979,4.076667,0,,,,,,,17.66,rejected-distance,3
980,4.080833,0,,,,,,,17.57,rejected-distance,4
981,4.085000,0,,,,,,,17.46,rejected-distance,4
982,4.089167,0,,,,,,,17.34,rejected-distance,3
983,4.093333,0,,,,,,,17.19,rejected-distance,2
984,4.097500,0,,,,,,,17.06,rejected-distance,1
985,4.101667,0,,,,,,,16.95,rejected-distance,3
986,4.105833,0,,,,,,,16.84,rejected-distance,3
987,4.110000,0,,,,,,,16.73,rejected-distance,4
988,4.114167,0,,,,,,,16.66,rejected-distance,3
989,4.118333,0,,,,,,,16.61,rejected-distance,3
990,4.122500,0,,,,,,,16.56,rejected-distance,3
991,4.126667,0,,,,,,,16.54,rejected-distance,3
992,4.130833,0,,,,,,,16.52,rejected-distance,2
993,4.135000,0,,,,,,,16.52,rejected-distance,2
994,4.139167,0,,,,,,,16.50,rejected-distance,1
995,4.143333,0,,,,,,,16.48,rejected-distance,1
996,4.147500,0,,,,,,,16.42,rejected-distance,1
997,4.151667,0,,,,,,,16.34,rejected-distance,2
998,4.155833,0,,,,,,,16.30,rejected-distance,2
999,4.160000,0,,,,,,,16.25,rejected-distance,2
1000,4.164167,0,,,,,,,16.16,rejected-distance,2
1001,4.168333,0,,,,,,,16.02,rejected-distance,2
1002,4.172500,0,,,,,,,15.87,rejected-distance,2
1003,4.176667,0,,,,,,,15.75,rejected-distance,3
1004,4.180833,0,,,,,,,15.68,rejected-distance,3
1005,4.185000,0,,,,,,,15.69,rejected-distance,4
1006,4.189167,0,,,,,,,15.71,rejected-distance,4
1007,4.193333,0,,,,,,,15.75,rejected-distance,4
1008,4.197500,0,,,,,,,15.78,rejected-distance,4
1009,4.201667,0,,,,,,,15.84,rejected-distance,4
1010,4.205833,0,,,,,,,15.89,rejected-distance,4
1011,4.210000,0,,,,,,,15.94,rejected-distance,4
1012,4.214167,0,,,,,,,15.99,rejected-distance,3
1013,4.218333,0,,,,,,,16.08,rejected-distance,4
1014,4.222500,0,,,,,,,16.13,rejected-distance,4
1015,4.226667,0,,,,,,,16.15,rejected-distance,4
1016,4.230833,0,,,,,,,16.17,rejected-distance,4
1017,4.235000,0,,,,,,,16.24,rejected-distance,4
1018,4.239167,0,,,,,,,16.30,rejected-distance,4
1019,4.243333,0,,,,,,,16.43,rejected-distance,4
1020,4.247500,0,,,,,,,16.58,rejected-distance,3
1021,4.251667,0,,,,,,,16.74,rejected-distance,4
1022,4.255833,0,,,,,,,16.92,rejected-distance,3
1023,4.260000,0,,,,,,,17.15,rejected-distance,3
1024,4.264167,0,,,,,,,17.39,rejected-distance,2
1025,4.268333,0,,,,,,,17.70,rejected-distance,2
1026,4.272500,0,,,,,,,18.03,rejected-distance,2
1027,4.276667,0,,,,,,,18.37,rejected-distance,3
1028,4.280833,0,,,,,,,18.70,rejected-distance,3
1029,4.285000,0,,,,,,,19.02,rejected-distance,4
1030,4.289167,0,,,,,,,19.36,rejected-distance,4
1031,4.293333,0,,,,,,,19.70,rejected-distance,4
1032,4.297500,0,,,,,,,20.04,rejected-distance,4
1033,4.301667,0,,,,,,,20.36,rejected-distance,4
1034,4.305833,0,,,,,,,20.67,rejected-distance,2
1035,4.310000,0,,,,,,,20.93,rejected-distance,3
1036,4.314167,0,,,,,,,21.20,rejected-distance,2
1037,4.318333,0,,,,,,,21.45,rejected-distance,2
1038,4.322500,0,,,,,,,21.71,rejected-distance,2
1039,4.326667,0,,,,,,,21.97,rejected-distance,2
1040,4.330833,0,,,,,,,22.24,rejected-distance,2
1041,4.335000,0,,,,,,,22.50,rejected-distance,2
1042,4.339167,0,,,,,,,22.75,rejected-distance,2
1043,4.343333,0,,,,,,,22.99,rejected-distance,2
1044,4.347500,0,,,,,,,23.22,rejected-distance,3
1045,4.351667,0,,,,,,,23.50,rejected-distance,3
1046,4.355833,0,,,,,,,23.78,rejected-distance,3
1047,4.360000,0,,,,,,,24.07,rejected-distance,3
1048,4.364167,0,,,,,,,24.36,rejected-distance,1
1049,4.368333,0,,,,,,,24.67,rejected-distance,1
1050,4.372500,0,,,,,,,25.00,rejected-distance,1
1051,4.376667,0,,,,,,,25.35,rejected-distance,2
1052,4.380833,0,,,,,,,25.70,rejected-distance,2
1053,4.385000,0,,,,,,,26.07,rejected-distance,2
1054,4.389167,0,,,,,,,26.45,rejected-distance,2
1055,4.393333,0,,,,,,,26.82,rejected-distance,2
1056,4.397500,0,,,,,,,27.19,rejected-distance,2
1057,4.401667,0,,,,,,,27.50,rejected-distance,2
1058,4.405833,0,,,,,,,27.79,rejected-distance,2
1059,4.410000,0,,,,,,,28.02,rejected-distance,2
1060,4.414167,0,,,,,,,28.25,rejected-distance,2
1061,4.418333,0,,,,,,,28.49,rejected-distance,2
1062,4.422500,0,,,,,,,28.74,rejected-distance,2
1063,4.426667,0,,,,,,,29.00,rejected-distance,2
1064,4.430833,0,,,,,,,29.24,rejected-distance,2
1065,4.435000,0,,,,,,,29.47,rejected-distance,3
1066,4.439167,0,,,,,,,29.70,rejected-distance,3
1067,4.443333,0,,,,,,,29.92,rejected-distance,3
1068,4.447500,0,,,,,,,30.15,rejected-distance,3
1069,4.451667,0,,,,,,,30.35,rejected-distance,3
1070,4.455833,0,,,,,,,30.58,rejected-distance,3
1071,4.460000,0,,,,,,,30.84,rejected-distance,3
1072,4.464167,0,,,,,,,31.11,rejected-distance,2
1073,4.468333,0,,,,,,,31.41,rejected-distance,3
1074,4.472500,0,,,,,,,31.73,rejected-distance,2
1075,4.476667,0,,,,,,,32.13,rejected-distance,4
1076,4.480833,0,,,,,,,32.54,rejected-distance,3
1077,4.485000,0,,,,,,,32.99,rejected-distance,2
1078,4.489167,0,,,,,,,33.47,rejected-distance,2
1079,4.493333,0,,,,,,,33.96,rejected-distance,3
1080,4.497500,0,,,,,,,34.45,rejected-distance,3
1081,4.501667,0,,,,,,,34.93,rejected-distance,3
1082,4.505833,0,,,,,,,35.41,rejected-distance,3
1083,4.510000,0,,,,,,,35.89,rejected-distance,3
1084,4.514167,0,,,,,,,36.40,rejected-distance,3
1085,4.518333,0,,,,,,,36.91,rejected-distance,3
1086,4.522500,0,,,,,,,37.44,rejected-distance,3
1087,4.526667,0,,,,,,,37.95,rejected-distance,4
1088,4.530833,0,,,,,,,38.43,rejected-distance,4
1089,4.535000,0,,,,,,,38.92,rejected-distance,4
1090,4.539167,0,,,,,,,39.41,rejected-distance,3
1091,4.543333,0,,,,,,,39.91,rejected-distance,4
1092,4.547500,0,,,,,,,40.42,rejected-distance,3
1093,4.551667,0,,,,,,,40.94,rejected-distance,2
1094,4.555833,0,,,,,,,41.46,rejected-distance,2
1095,4.560000,0,,,,,,,41.95,rejected-distance,2
1096,4.564167,0,,,,,,,42.46,rejected-distance,2
1097,4.568333,0,,,,,,,42.96,rejected-distance,2
1098,4.572500,0,,,,,,,43.49,rejected-distance,3
1099,4.576667,0,,,,,,,44.05,rejected-distance,3
1100,4.580833,0,,,,,,,44.57,rejected-distance,3
1101,4.585000,0,,,,,,,45.05,rejected-distance,3
1102,4.589167,0,,,,,,,45.53,rejected-distance,3
1103,4.593333,0,,,,,,,45.99,rejected-distance,3
1104,4.597500,0,,,,,,,46.44,rejected-distance,3
1105,4.601667,0,,,,,,,46.85,rejected-distance,3
1106,4.605833,0,,,,,,,47.29,rejected-distance,3
1107,4.610000,0,,,,,,,47.72,rejected-distance,3
1108,4.614167,0,,,,,,,48.17,rejected-distance,3
1109,4.618333,0,,,,,,,48.61,rejected-distance,4
1110,4.622500,0,,,,,,,49.05,rejected-distance,3
1111,4.626667,0,,,,,,,49.43,rejected-distance,3
1112,4.630833,0,,,,,,,49.81,rejected-distance,4
1113,4.635000,0,,,,,,,50.18,rejected-distance,4
1114,4.639167,0,,,,,,,50.55,rejected-distance,4
1115,4.643333,0,,,,,,,50.92,rejected-distance,4
1116,4.647500,0,,,,,,,51.30,rejected-distance,3
1117,4.651667,0,,,,,,,51.66,rejected-distance,4
1118,4.655833,0,,,,,,,52.02,rejected-distance,4
1119,4.660000,0,,,,,,,52.34,rejected-distance,4
1120,4.664167,0,,,,,,,52.66,rejected-distance,3
1121,4.668333,0,,,,,,,53.00,rejected-distance,3
1122,4.672500,0,,,,,,,53.35,rejected-distance,3
1123,4.676667,0,,,,,,,53.63,rejected-distance,3
1124,4.680833,0,,,,,,,53.90,rejected-distance,3
1125,4.685000,0,,,,,,,54.12,rejected-distance,3
1126,4.689167,0,,,,,,,54.32,rejected-distance,3
1127,4.693333,0,,,,,,,54.46,rejected-distance,3
1128,4.697500,0,,,,,,,54.59,rejected-distance,2
1129,4.701667,0,,,,,,,54.65,rejected-distance,3
1130,4.705833,0,,,,,,,54.72,rejected-distance,3
1131,4.710000,0,,,,,,,54.78,rejected-distance,2
1132,4.714167,0,,,,,,,54.83,rejected-distance,2
1133,4.718333,0,,,,,,,54.85,rejected-distance,2
1134,4.722500,0,,,,,,,54.84,rejected-distance,4
1135,4.726667,0,,,,,,,54.85,rejected-distance,4
1136,4.730833,0,,,,,,,54.86,rejected-distance,2
1137,4.735000,0,,,,,,,54.94,rejected-distance,3
1138,4.739167,0,,,,,,,55.05,rejected-distance,3
1139,4.743333,0,,,,,,,55.22,rejected-distance,3
1140,4.747500,0,,,,,,,55.41,rejected-distance,3
1141,4.751667,0,,,,,,,55.65,rejected-distance,3
1142,4.755833,0,,,,,,,55.90,rejected-distance,3
1143,4.760000,0,,,,,,,56.15,rejected-distance,2
1144,4.764167,0,,,,,,,56.41,rejected-distance,3
1145,4.768333,0,,,,,,,56.68,rejected-distance,2
1146,4.772500,0,,,,,,,56.96,rejected-distance,2
1147,4.776667,0,,,,,,,57.24,rejected-distance,2
1148,4.780833,0,,,,,,,57.52,rejected-distance,2
1149,4.785000,0,,,,,,,57.78,rejected-distance,2
1150,4.789167,0,,,,,,,58.04,rejected-distance,2
1151,4.793333,0,,,,,,,58.29,rejected-distance,2
1152,4.797500,0,,,,,,,58.53,rejected-distance,3
1153,4.801667,0,,,,,,,58.70,rejected-distance,3
1154,4.805833,0,,,,,,,58.88,rejected-distance,3
1155,4.810000,0,,,,,,,59.05,rejected-distance,3
1156,4.814167,0,,,,,,,59.20,rejected-distance,4
1157,4.818333,0,,,,,,,59.32,rejected-distance,4
1158,4.822500,0,,,,,,,59.41,rejected-distance,5
1159,4.826667,0,,,,,,,59.45,rejected-distance,4
1160,4.830833,0,,,,,,,59.49,rejected-distance,4
1161,4.835000,0,,,,,,,59.49,rejected-distance,5
1162,4.839167,0,,,,,,,59.49,rejected-distance,5
1163,4.843333,0,,,,,,,59.47,rejected-distance,5
1164,4.847500,0,,,,,,,59.45,rejected-distance,3
1165,4.851667,0,,,,,,,59.42,rejected-distance,3
1166,4.855833,0,,,,,,,59.38,rejected-distance,3
1167,4.860000,0,,,,,,,59.30,rejected-distance,3
1168,4.864167,0,,,,,,,59.21,rejected-distance,3
1169,4.868333,0,,,,,,,59.05,rejected-distance,3
1170,4.872500,0,,,,,,,58.88,rejected-distance,2
1171,4.876667,0,,,,,,,58.67,rejected-distance,3
1172,4.880833,0,,,,,,,58.46,rejected-distance,3
1173,4.885000,0,,,,,,,58.23,rejected-distance,4
1174,4.889167,0,,,,,,,57.99,rejected-distance,3
1175,4.893333,0,,,,,,,57.71,rejected-distance,3
1176,4.897500,0,,,,,,,57.44,rejected-distance,3
1177,4.901667,0,,,,,,,57.13,rejected-distance,3
1178,4.905833,0,,,,,,,56.79,rejected-distance,3
1179,4.910000,0,,,,,,,56.39,rejected-distance,2
1180,4.914167,0,,,,,,,56.00,rejected-distance,2
1181,4.918333,0,,,,,,,55.61,rejected-distance,3
1182,4.922917,0,,,,,,,55.22,rejected-distance,3
1183,4.927083,0,,,,,,,54.88,rejected-distance,3
1184,4.931250,0,,,,,,,54.55,rejected-distance,3
1185,4.935417,0,,,,,,,54.24,rejected-distance,3
1186,4.939583,0,,,,,,,53.92,rejected-distance,3
1187,4.943750,0,,,,,,,53.59,rejected-distance,3
1188,4.947917,0,,,,,,,53.28,rejected-distance,3
1189,4.952083,0,,,,,,,52.96,rejected-distance,3
1190,4.956250,0,,,,,,,52.66,rejected-distance,3
1191,4.960417,0,,,,,,,52.38,rejected-distance,3
1192,4.964583,0,,,,,,,52.10,rejected-distance,3
1193,4.968750,0,,,,,,,51.86,rejected-distance,3
1194,4.972917,0,,,,,,,51.63,rejected-distance,3
1195,4.977083,0,,,,,,,51.44,rejected-distance,4
1196,4.981250,0,,,,,,,51.25,rejected-distance,4
1197,4.985417,0,,,,,,,51.10,rejected-distance,4
1198,4.989583,0,,,,,,,50.95,rejected-distance,4
1199,4.993750,0,,,,,,,50.82,rejected-distance,4
1200,4.997917,0,,,,,,,50.70,rejected-distance,3
1201,5.002083,0,,,,,,,50.53,rejected-distance,3
1202,5.006250,0,,,,,,,50.35,rejected-distance,4
1203,5.010417,0,,,,,,,50.17,rejected-distance,3
1204,5.014583,0,,,,,,,49.99,rejected-distance,3
1205,5.018750,0,,,,,,,49.84,rejected-distance,2
1206,5.022917,0,,,,,,,49.69,rejected-distance,2
1207,5.027083,0,,,,,,,49.53,rejected-distance,2
1208,5.031250,0,,,,,,,49.37,rejected-distance,2
1209,5.035417,0,,,,,,,49.21,rejected-distance,2
1210,5.039583,0,,,,,,,49.03,rejected-distance,2
1211,5.043750,0,,,,,,,48.85,rejected-distance,3
1212,5.047917,0,,,,,,,48.68,rejected-distance,3
1213,5.052083,0,,,,,,,48.55,rejected-distance,4
1214,5.056250,0,,,,,,,48.44,rejected-distance,4
1215,5.060417,0,,,,,,,48.37,rejected-distance,4
1216,5.064583,0,,,,,,,48.30,rejected-distance,3
1217,5.068750,0,,,,,,,48.29,rejected-distance,3
1218,5.072917,0,,,,,,,48.28,rejected-distance,3
1219,5.077083,0,,,,,,,48.28,rejected-distance,3
1220,5.081250,0,,,,,,,48.29,rejected-distance,3
1221,5.085417,0,,,,,,,48.34,rejected-distance,3
1222,5.089583,0,,,,,,,48.38,rejected-distance,4
1223,5.093750,0,,,,,,,48.45,rejected-distance,4
1224,5.097917,0,,,,,,,48.53,rejected-distance,4
1225,5.102083,0,,,,,,,48.62,rejected-distance,4
1226,5.106250,0,,,,,,,48.71,rejected-distance,4
1227,5.110417,0,,,,,,,48.80,rejected-distance,4
1228,5.114583,0,,,,,,,48.88,rejected-distance,3
1229,5.118750,0,,,,,,,48.95,rejected-distance,3
1230,5.122917,0,,,,,,,49.02,rejected-distance,3
1231,5.127083,0,,,,,,,49.08,rejected-distance,3
1232,5.131250,0,,,,,,,49.14,rejected-distance,3
1233,5.135417,0,,,,,,,49.26,rejected-distance,3
1234,5.139583,0,,,,,,,49.31,rejected-distance,3
1235,5.143750,0,,,,,,,49.39,rejected-distance,4
1236,5.147917,0,,,,,,,49.48,rejected-distance,4
1237,5.152083,0,,,,,,,49.59,rejected-distance,4
1238,5.156250,0,,,,,,,49.71,rejected-distance,4
1239,5.160417,0,,,,,,,49.84,rejected-distance,4
1240,5.164583,0,,,,,,,49.99,rejected-distance,4
1241,5.168750,0,,,,,,,50.21,rejected-distance,4
1242,5.172917,0,,,,,,,50.43,rejected-distance,4
1243,5.177083,0,,,,,,,50.65,rejected-distance,4
1244,5.181250,0,,,,,,,50.87,rejected-distance,4
1245,5.185417,0,,,,,,,51.09,rejected-distance,4
1246,5.189583,0,,,,,,,51.32,rejected-distance,4
1247,5.193750,0,,,,,,,51.55,rejected-distance,4
1248,5.197917,0,,,,,,,51.77,rejected-distance,3
1249,5.202083,0,,,,,,,52.02,rejected-distance,3
1250,5.206250,0,,,,,,,52.28,rejected-distance,3
1251,5.210417,0,,,,,,,52.53,rejected-distance,3
1252,5.214583,0,,,,,,,52.79,rejected-distance,4
1253,5.218750,0,,,,,,,53.09,rejected-distance,3
1254,5.222917,0,,,,,,,53.42,rejected-distance,2
1255,5.227083,0,,,,,,,53.75,rejected-distance,3
1256,5.231250,0,,,,,,,54.07,rejected-distance,2
1257,5.235417,0,,,,,,,54.36,rejected-distance,2
1258,5.239583,0,,,,,,,54.65,rejected-distance,4
1259,5.243750,0,,,,,,,54.88,rejected-distance,4
1260,5.247917,0,,,,,,,55.08,rejected-distance,4
1261,5.252083,0,,,,,,,55.24,rejected-distance,4
1262,5.256250,0,,,,,,,55.39,rejected-distance,4
1263,5.260417,0,,,,,,,55.48,rejected-distance,4
1264,5.264583,0,,,,,,,55.55,rejected-distance,4
1265,5.268750,0,,,,,,,55.54,rejected-distance,4
1266,5.272917,0,,,,,,,55.52,rejected-distance,4
1267,5.277083,0,,,,,,,55.53,rejected-distance,4
1268,5.281250,0,,,,,,,55.53,rejected-distance,4
1269,5.285417,0,,,,,,,55.49,rejected-distance,4
1270,5.289583,0,,,,,,,55.45,rejected-distance,4
1271,5.293750,0,,,,,,,55.38,rejected-distance,3
1272,5.297917,0,,,,,,,55.31,rejected-distance,3
1273,5.302083,0,,,,,,,55.23,rejected-distance,4
1274,5.306250,0,,,,,,,55.16,rejected-distance,5
1275,5.310417,0,,,,,,,55.10,rejected-distance,5
1276,5.314583,0,,,,,,,55.05,rejected-distance,5
1277,5.318750,0,,,,,,,54.97,rejected-distance,4
1278,5.322917,0,,,,,,,54.89,rejected-distance,4
1279,5.327083,0,,,,,,,54.80,rejected-distance,4
1280,5.331250,0,,,,,,,54.68,rejected-distance,4
1281,5.335417,0,,,,,,,54.50,rejected-distance,3
1282,5.339583,0,,,,,,,54.32,rejected-distance,3
1283,5.343750,0,,,,,,,54.14,rejected-distance,4
1284,5.347917,0,,,,,,,53.95,rejected-distance,4
1285,5.352083,0,,,,,,,53.78,rejected-distance,3
1286,5.356250,0,,,,,,,53.61,rejected-distance,3
1287,5.360417,0,,,,,,,53.45,rejected-distance,4
1288,5.364583,0,,,,,,,53.29,rejected-distance,3
1289,5.368750,0,,,,,,,53.21,rejected-distance,3
1290,5.372917,0,,,,,,,53.16,rejected-distance,3
1291,5.377083,0,,,,,,,53.22,rejected-distance,3
1292,5.381250,0,,,,,,,53.31,rejected-distance,4
1293,5.385417,0,,,,,,,53.55,rejected-distance,4
1294,5.389583,0,,,,,,,53.85,rejected-distance,4
1295,5.393750,0,,,,,,,54.25,rejected-distance,4
1296,5.397917,0,,,,,,,54.67,rejected-distance,3
1297,5.402083,0,,,,,,,55.10,rejected-distance,3
1298,5.406250,0,,,,,,,55.54,rejected-distance,3
1299,5.410417,0,,,,,,,55.98,rejected-distance,4
1300,5.414583,0,,,,,,,56.43,rejected-distance,4
1301,5.418750,0,,,,,,,56.86,rejected-distance,4
1302,5.422917,0,,,,,,,57.31,rejected-distance,2
1303,5.427083,0,,,,,,,57.82,rejected-distance,3
1304,5.431250,0,,,,,,,58.34,rejected-distance,4
1305,5.435417,0,,,,,,,58.89,rejected-distance,3
1306,5.439583,0,,,,,,,59.46,rejected-distance,3
1307,5.443750,0,,,,,,,60.00,rejected-distance,3
1308,5.447917,0,,,,,,,60.53,rejected-distance,3
1309,5.452083,0,,,,,,,61.09,rejected-distance,3
1310,5.456250,0,,,,,,,61.67,rejected-distance,3
1311,5.460417,0,,,,,,,62.25,rejected-distance,3
1312,5.464583,0,,,,,,,62.83,rejected-distance,3
1313,5.468750,0,,,,,,,63.34,rejected-distance,3
1314,5.472917,0,,,,,,,63.85,rejected-distance,2
1315,5.477083,0,,,,,,,64.25,rejected-distance,2
1316,5.481250,0,,,,,,,64.65,rejected-distance,2
1317,5.485417,0,,,,,,,65.04,rejected-distance,3
1318,5.489583,0,,,,,,,65.42,rejected-distance,2
1319,5.493750,0,,,,,,,65.71,rejected-distance,2
1320,5.497917,0,,,,,,,65.94,rejected-distance,2
1321,5.502083,0,,,,,,,66.08,rejected-distance,2
1322,5.506250,0,,,,,,,66.19,rejected-distance,2
1323,5.510417,0,,,,,,,66.20,rejected-distance,2
1324,5.514583,0,,,,,,,66.21,rejected-distance,3
1325,5.518750,0,,,,,,,66.11,rejected-distance,2
1326,5.522917,0,,,,,,,66.02,rejected-distance,2
1327,5.527083,0,,,,,,,65.93,rejected-distance,2
1328,5.531250,0,,,,,,,65.85,rejected-distance,2
1329,5.535417,0,,,,,,,65.73,rejected-distance,3
1330,5.539583,0,,,,,,,65.62,rejected-distance,3
1331,5.543750,0,,,,,,,65.51,rejected-distance,2
1332,5.547917,0,,,,,,,65.40,rejected-distance,3
1333,5.552083,0,,,,,,,65.26,rejected-distance,3
1334,5.556250,0,,,,,,,65.13,rejected-distance,3
1335,5.560417,0,,,,,,,64.99,rejected-distance,3
1336,5.564583,0,,,,,,,64.85,rejected-distance,3
1337,5.568750,0,,,,,,,64.69,rejected-distance,3
1338,5.572917,0,,,,,,,64.53,rejected-distance,3
1339,5.577083,0,,,,,,,64.38,rejected-distance,3
1340,5.581250,0,,,,,,,64.24,rejected-distance,3
1341,5.585417,0,,,,,,,64.08,rejected-distance,3
1342,5.589583,0,,,,,,,63.92,rejected-distance,3
1343,5.593750,0,,,,,,,63.75,rejected-distance,3
1344,5.597917,0,,,,,,,63.62,rejected-distance,3
1345,5.602083,0,,,,,,,63.51,rejected-distance,3
1346,5.606250,0,,,,,,,63.41,rejected-distance,3
1347,5.610417,0,,,,,,,63.30,rejected-distance,3
1348,5.614583,0,,,,,,,63.21,rejected-distance,4
1349,5.618750,0,,,,,,,63.14,rejected-distance,4
1350,5.622917,0,,,,,,,63.06,rejected-distance,4
1351,5.627083,0,,,,,,,62.99,rejected-distance,4
1352,5.631250,0,,,,,,,62.91,rejected-distance,4
1353,5.635417,0,,,,,,,62.83,rejected-distance,4
1354,5.639583,0,,,,,,,62.78,rejected-distance,4
1355,5.643750,0,,,,,,,62.74,rejected-distance,4
1356,5.647917,0,,,,,,,62.71,rejected-distance,4
1357,5.652083,0,,,,,,,62.63,rejected-distance,4
1358,5.656250,0,,,,,,,62.61,rejected-distance,4
1359,5.660417,0,,,,,,,62.57,rejected-distance,4
1360,5.664583,0,,,,,,,62.53,rejected-distance,4
1361,5.668750,0,,,,,,,62.47,rejected-distance,4
1362,5.672917,0,,,,,,,62.46,rejected-distance,4
1363,5.677083,0,,,,,,,62.43,rejected-distance,4
1364,5.681250,0,,,,,,,62.40,rejected-distance,4
1365,5.685417,0,,,,,,,62.38,rejected-distance,4
1366,5.689583,0,,,,,,,62.38,rejected-distance,4
1367,5.693750,0,,,,,,,62.40,rejected-distance,4
1368,5.697917,0,,,,,,,62.44,rejected-distance,4
1369,5.702083,0,,,,,,,62.59,rejected-distance,4
1370,5.706250,0,,,,,,,62.75,rejected-distance,4
1371,5.710417,0,,,,,,,62.96,rejected-distance,4
1372,5.714583,0,,,,,,,63.18,rejected-distance,4
1373,5.718750,0,,,,,,,63.42,rejected-distance,4
1374,5.722917,0,,,,,,,63.68,rejected-distance,3
1375,5.727083,0,,,,,,,63.93,rejected-distance,3
1376,5.731250,0,,,,,,,64.18,rejected-distance,3
1377,5.735417,0,,,,,,,64.50,rejected-distance,3
1378,5.739583,0,,,,,,,64.81,rejected-distance,3
1379,5.743750,0,,,,,,,65.15,rejected-distance,4
1380,5.747917,0,,,,,,,65.49,rejected-distance,4
1381,5.752083,0,,,,,,,65.83,rejected-distance,4
1382,5.756250,0,,,,,,,66.18,rejected-distance,5
1383,5.760417,0,,,,,,,66.53,rejected-distance,5
1384,5.764583,0,,,,,,,66.86,rejected-distance,4
1385,5.768750,0,,,,,,,67.17,rejected-distance,4
1386,5.772917,0,,,,,,,67.54,rejected-distance,4
1387,5.777083,0,,,,,,,67.90,rejected-distance,4
1388,5.781250,0,,,,,,,68.25,rejected-distance,3
1389,5.785417,0,,,,,,,68.61,rejected-distance,3
1390,5.789583,0,,,,,,,68.96,rejected-distance,1
1391,5.793750,0,,,,,,,69.24,rejected-distance,3
1392,5.797917,0,,,,,,,69.51,rejected-distance,2
1393,5.802083,0,,,,,,,69.73,rejected-distance,3
1394,5.806250,0,,,,,,,69.92,rejected-distance,3
1395,5.810417,0,,,,,,,70.10,rejected-distance,4
1396,5.814583,0,,,,,,,70.26,rejected-distance,5
1397,5.818750,0,,,,,,,70.37,rejected-distance,4
1398,5.822917,0,,,,,,,70.44,rejected-distance,4
1399,5.827083,0,,,,,,,70.44,rejected-distance,4
1400,5.831250,0,,,,,,,70.43,rejected-distance,5
1401,5.835417,0,,,,,,,70.37,rejected-distance,5
1402,5.839583,0,,,,,,,70.31,rejected-distance,4
1403,5.843750,0,,,,,,,70.24,rejected-distance,4
1404,5.847917,0,,,,,,,70.18,rejected-distance,4
1405,5.852083,0,,,,,,,70.10,rejected-distance,4
1406,5.856250,0,,,,,,,70.02,rejected-distance,4
1407,5.860417,0,,,,,,,69.94,rejected-distance,4
1408,5.864583,0,,,,,,,69.85,rejected-distance,4
1409,5.868750,0,,,,,,,69.79,rejected-distance,4
1410,5.872917,0,,,,,,,69.73,rejected-distance,4
1411,5.877083,0,,,,,,,69.68,rejected-distance,4
1412,5.881250,0,,,,,,,69.64,rejected-distance,4
1413,5.885417,0,,,,,,,69.70,rejected-distance,4
1414,5.889583,0,,,,,,,69.77,rejected-distance,4
1415,5.893750,0,,,,,,,69.86,rejected-distance,4
1416,5.897917,0,,,,,,,69.96,rejected-distance,4
1417,5.902083,0,,,,,,,70.08,rejected-distance,4
1418,5.906250,0,,,,,,,70.21,rejected-distance,4
1419,5.910417,0,,,,,,,70.37,rejected-distance,5
1420,5.914583,0,,,,,,,70.54,rejected-distance,4
1421,5.918750,0,,,,,,,70.75,rejected-distance,5
1422,5.922917,0,,,,,,,70.98,rejected-distance,2
1423,5.927083,0,,,,,,,71.20,rejected-distance,4
1424,5.931250,0,,,,,,,71.47,rejected-distance,5
1425,5.935417,0,,,,,,,71.78,rejected-distance,4
1426,5.939583,0,,,,,,,72.10,rejected-distance,4
1427,5.943750,0,,,,,,,72.48,rejected-distance,4
1428,5.947917,0,,,,,,,72.85,rejected-distance,4
1429,5.952083,0,,,,,,,73.20,rejected-distance,4
1430,5.956250,0,,,,,,,73.55,rejected-distance,4
1431,5.960417,0,,,,,,,73.87,rejected-distance,3
1432,5.964583,0,,,,,,,74.18,rejected-distance,3
1433,5.968750,0,,,,,,,74.42,rejected-distance,2
1434,5.972917,0,,,,,,,74.66,rejected-distance,2
1435,5.977083,0,,,,,,,74.84,rejected-distance,3
1436,5.981250,0,,,,,,,75.01,rejected-distance,3
1437,5.985417,0,,,,,,,75.15,rejected-distance,3
1438,5.989583,0,,,,,,,75.21,rejected-distance,3
1439,5.993750,0,,,,,,,75.28,rejected-distance,3
1440,5.997917,0,,,,,,,75.37,rejected-distance,3
1441,6.002083,0,,,,,,,75.47,rejected-distance,3
1442,6.006250,0,,,,,,,75.58,rejected-distance,3
1443,6.010417,0,,,,,,,75.70,rejected-distance,2
1444,6.014583,0,,,,,,,75.83,rejected-distance,2
1445,6.019167,0,,,,,,,75.94,rejected-distance,3
1446,6.023333,0,,,,,,,76.05,rejected-distance,4
1447,6.027500,0,,,,,,,76.14,rejected-distance,5
1448,6.031667,0,,,,,,,76.22,rejected-distance,5
1449,6.035833,0,,,,,,,76.28,rejected-distance,5
1450,6.040000,0,,,,,,,76.29,rejected-distance,5
1451,6.044167,0,,,,,,,76.31,rejected-distance,5
1452,6.048333,0,,,,,,,76.32,rejected-distance,4
1453,6.052500,0,,,,,,,76.25,rejected-distance,5
1454,6.056667,0,,,,,,,76.20,rejected-distance,5
1455,6.060833,0,,,,,,,76.13,rejected-distance,5
1456,6.065000,0,,,,,,,76.07,rejected-distance,5
1457,6.069167,0,,,,,,,76.02,rejected-distance,5
1458,6.073333,0,,,,,,,76.00,rejected-distance,5
1459,6.077500,0,,,,,,,75.99,rejected-distance,5
1460,6.081667,0,,,,,,,75.98,rejected-distance,5
1461,6.085833,0,,,,,,,76.04,rejected-distance,5
1462,6.090000,0,,,,,,,76.07,rejected-distance,5
1463,6.094167,0,,,,,,,76.10,rejected-distance,5
1464,6.098333,0,,,,,,,76.16,rejected-distance,5
1465,6.102500,0,,,,,,,76.23,rejected-distance,4
1466,6.106667,0,,,,,,,76.33,rejected-distance,4
1467,6.110833,0,,,,,,,76.42,rejected-distance,4
1468,6.115000,0,,,,,,,76.50,rejected-distance,5
1469,6.119167,0,,,,,,,76.58,rejected-distance,5
1470,6.123333,0,,,,,,,76.66,rejected-distance,5
1471,6.127500,0,,,,,,,76.74,rejected-distance,5
1472,6.131667,0,,,,,,,76.84,rejected-distance,5
1473,6.135833,0,,,,,,,77.01,rejected-distance,5
1474,6.140000,0,,,,,,,77.20,rejected-distance,4
1475,6.144167,0,,,,,,,77.39,rejected-distance,4
1476,6.148333,0,,,,,,,77.57,rejected-distance,4
1477,6.152500,0,,,,,,,77.75,rejected-distance,5
1478,6.156667,0,,,,,,,77.84,rejected-distance,4
1479,6.160833,0,,,,,,,77.95,rejected-distance,4
1480,6.165000,0,,,,,,,78.05,rejected-distance,4
1481,6.169167,0,,,,,,,78.07,rejected-distance,5
1482,6.173333,0,,,,,,,78.08,rejected-distance,4
1483,6.177500,0,,,,,,,78.09,rejected-distance,4
1484,6.181667,0,,,,,,,78.10,rejected-distance,4
1485,6.185833,0,,,,,,,78.05,rejected-distance,5
1486,6.190000,0,,,,,,,78.01,rejected-distance,5
1487,6.194167,0,,,,,,,77.94,rejected-distance,6
1488,6.198333,0,,,,,,,77.88,rejected-distance,5
1489,6.202500,0,,,,,,,77.80,rejected-distance,5
1490,6.206667,0,,,,,,,77.75,rejected-distance,5
1491,6.210833,0,,,,,,,77.70,rejected-distance,5
1492,6.215000,0,,,,,,,77.65,rejected-distance,5
1493,6.219167,0,,,,,,,77.51,rejected-distance,5
1494,6.223333,0,,,,,,,77.34,rejected-distance,5
1495,6.227500,0,,,,,,,77.17,rejected-distance,5
1496,6.231667,0,,,,,,,76.99,rejected-distance,6
1497,6.235833,0,,,,,,,76.80,rejected-distance,6
1498,6.240000,0,,,,,,,76.62,rejected-distance,4
1499,6.244167,0,,,,,,,76.43,rejected-distance,5
1500,6.248333,0,,,,,,,76.26,rejected-distance,5
1501,6.252500,0,,,,,,,76.11,rejected-distance,5
1502,6.256667,0,,,,,,,75.97,rejected-distance,5
1503,6.260833,0,,,,,,,75.77,rejected-distance,5
1504,6.265000,0,,,,,,,75.70,rejected-distance,4
1505,6.269167,0,,,,,,,75.58,rejected-distance,4
1506,6.273333,0,,,,,,,75.52,rejected-distance,4
1507,6.277500,0,,,,,,,75.43,rejected-distance,4
1508,6.281667,0,,,,,,,75.37,rejected-distance,4
1509,6.285833,0,,,,,,,75.26,rejected-distance,4
1510,6.290000,0,,,,,,,75.13,rejected-distance,4
1511,6.294167,0,,,,,,,74.99,rejected-distance,5
1512,6.298333,0,,,,,,,74.80,rejected-distance,5
1513,6.302500,0,,,,,,,74.55,rejected-distance,4
1514,6.306667,0,,,,,,,74.28,rejected-distance,4
1515,6.310833,0,,,,,,,73.96,rejected-distance,5
1516,6.315000,0,,,,,,,73.65,rejected-distance,4
1517,6.319167,0,,,,,,,73.30,rejected-distance,4
1518,6.323333,0,,,,,,,72.93,rejected-distance,4
1519,6.327500,0,,,,,,,72.53,rejected-distance,3
1520,6.331667,0,,,,,,,72.13,rejected-distance,4
1521,6.335833,0,,,,,,,71.73,rejected-distance,4
1522,6.340000,0,,,,,,,71.34,rejected-distance,3
1523,6.344167,0,,,,,,,71.01,rejected-distance,4
1524,6.348333,0,,,,,,,70.69,rejected-distance,4
1525,6.352500,0,,,,,,,70.36,rejected-distance,4
1526,6.356667,0,,,,,,,70.02,rejected-distance,4
1527,6.360833,0,,,,,,,69.71,rejected-distance,5
1528,6.365000,0,,,,,,,69.44,rejected-distance,5
1529,6.369167,0,,,,,,,69.19,rejected-distance,5
1530,6.373333,0,,,,,,,68.95,rejected-distance,5
1531,6.377500,0,,,,,,,68.73,rejected-distance,5
1532,6.381667,0,,,,,,,68.55,rejected-distance,5
1533,6.385833,0,,,,,,,68.39,rejected-distance,3
1534,6.390000,0,,,,,,,68.26,rejected-distance,3
1535,6.394167,0,,,,,,,68.14,rejected-distance,3
1536,6.398333,0,,,,,,,68.00,rejected-distance,4
1537,6.402500,0,,,,,,,67.86,rejected-distance,4
1538,6.406667,0,,,,,,,67.73,rejected-distance,4
1539,6.410833,0,,,,,,,67.60,rejected-distance,4
1540,6.415000,0,,,,,,,67.50,rejected-distance,3
1541,6.419167,0,,,,,,,67.42,rejected-distance,3
1542,6.423333,0,,,,,,,67.36,rejected-distance,3
1543,6.427500,0,,,,,,,67.31,rejected-distance,3
1544,6.431667,0,,,,,,,67.28,rejected-distance,3
1545,6.435833,0,,,,,,,67.28,rejected-distance,3
1546,6.440000,0,,,,,,,67.29,rejected-distance,3
1547,6.444167,0,,,,,,,67.32,rejected-distance,3
1548,6.448333,0,,,,,,,67.35,rejected-distance,3
1549,6.452500,0,,,,,,,67.41,rejected-distance,3
1550,6.456667,0,,,,,,,67.44,rejected-distance,3
1551,6.460833,0,,,,,,,67.49,rejected-distance,3
1552,6.465000,0,,,,,,,67.52,rejected-distance,3
1553,6.469167,0,,,,,,,67.56,rejected-distance,4
1554,6.473333,0,,,,,,,67.58,rejected-distance,4
1555,6.477500,0,,,,,,,67.63,rejected-distance,4
1556,6.481667,0,,,,,,,67.66,rejected-distance,4
1557,6.485833,0,,,,,,,67.73,rejected-distance,4
1558,6.490000,0,,,,,,,67.79,rejected-distance,4
1559,6.494167,0,,,,,,,67.86,rejected-distance,4
1560,6.498333,0,,,,,,,67.93,rejected-distance,5
1561,6.502500,0,,,,,,,67.92,rejected-distance,5
1562,6.506667,0,,,,,,,67.89,rejected-distance,4
1563,6.510833,0,,,,,,,67.82,rejected-distance,4
1564,6.515000,0,,,,,,,67.77,rejected-distance,5
1565,6.519167,0,,,,,,,67.64,rejected-distance,5
1566,6.523333,0,,,,,,,67.49,rejected-distance,4
1567,6.527500,0,,,,,,,67.29,rejected-distance,5
1568,6.531667,0,,,,,,,67.08,rejected-distance,2
1569,6.535833,0,,,,,,,66.83,rejected-distance,2
1570,6.540000,0,,,,,,,66.56,rejected-distance,2
1571,6.544167,0,,,,,,,66.34,rejected-distance,2
1572,6.548333,0,,,,,,,66.11,rejected-distance,2
1573,6.552500,0,,,,,,,65.88,rejected-distance,2
1574,6.556667,0,,,,,,,65.66,rejected-distance,2
1575,6.560833,0,,,,,,,65.46,rejected-distance,2
1576,6.565000,0,,,,,,,65.27,rejected-distance,2
1577,6.569167,0,,,,,,,65.05,rejected-distance,2
1578,6.573333,0,,,,,,,64.82,rejected-distance,3
1579,6.577500,0,,,,,,,64.59,rejected-distance,4
1580,6.581667,0,,,,,,,64.37,rejected-distance,4
1581,6.585833,0,,,,,,,64.22,rejected-distance,5
1582,6.590000,0,,,,,,,64.08,rejected-distance,5
1583,6.594167,0,,,,,,,64.00,rejected-distance,4
1584,6.598333,0,,,,,,,63.93,rejected-distance,4
1585,6.602500,0,,,,,,,63.83,rejected-distance,4
1586,6.606667,0,,,,,,,63.76,rejected-distance,4
1587,6.610833,0,,,,,,,63.70,rejected-distance,4
1588,6.615000,0,,,,,,,63.65,rejected-distance,4
1589,6.619167,0,,,,,,,63.56,rejected-distance,4
1590,6.623333,0,,,,,,,63.52,rejected-distance,4
1591,6.627500,0,,,,,,,63.44,rejected-distance,4
1592,6.631667,0,,,,,,,63.35,rejected-distance,4
1593,6.635833,0,,,,,,,63.21,rejected-distance,4
1594,6.640000,0,,,,,,,63.05,rejected-distance,4
1595,6.644167,0,,,,,,,62.90,rejected-distance,4
1596,6.648333,0,,,,,,,62.76,rejected-distance,4
1597,6.652500,0,,,,,,,62.63,rejected-distance,3
1598,6.656667,0,,,,,,,62.49,rejected-distance,3
1599,6.660833,0,,,,,,,62.35,rejected-distance,3
1600,6.665000,0,,,,,,,62.21,rejected-distance,3
1601,6.669167,0,,,,,,,62.06,rejected-distance,3
1602,6.673333,0,,,,,,,61.91,rejected-distance,4
1603,6.677500,0,,,,,,,61.77,rejected-distance,4
1604,6.681667,0,,,,,,,61.65,rejected-distance,4
1605,6.685833,0,,,,,,,61.58,rejected-distance,4
1606,6.690000,0,,,,,,,61.49,rejected-distance,4
1607,6.694167,0,,,,,,,61.41,rejected-distance,4
1608,6.698333,0,,,,,,,61.32,rejected-distance,4
1609,6.702500,0,,,,,,,61.22,rejected-distance,4
1610,6.706667,0,,,,,,,61.12,rejected-distance,4
1611,6.710833,0,,,,,,,61.08,rejected-distance,4
1612,6.715000,0,,,,,,,61.06,rejected-distance,4
1613,6.719167,0,,,,,,,61.00,rejected-distance,4
1614,6.723333,0,,,,,,,60.95,rejected-distance,3
1615,6.727500,0,,,,,,,60.93,rejected-distance,3
1616,6.731667,0,,,,,,,60.91,rejected-distance,4
1617,6.735833,0,,,,,,,60.95,rejected-distance,3
1618,6.740000,0,,,,,,,60.99,rejected-distance,4
1619,6.744167,0,,,,,,,61.00,rejected-distance,4
1620,6.748333,0,,,,,,,61.03,rejected-distance,4
1621,6.752500,0,,,,,,,61.09,rejected-distance,4
1622,6.756667,0,,,,,,,61.15,rejected-distance,4
1623,6.760833,0,,,,,,,61.23,rejected-distance,4
1624,6.765000,0,,,,,,,61.31,rejected-distance,4
1625,6.769167,0,,,,,,,61.40,rejected-distance,3
1626,6.773333,0,,,,,,,61.50,rejected-distance,3
1627,6.777500,0,,,,,,,61.61,rejected-distance,3
1628,6.781667,0,,,,,,,61.72,rejected-distance,3
1629,6.785833,0,,,,,,,61.91,rejected-distance,3
1630,6.790000,0,,,,,,,62.11,rejected-distance,3
1631,6.794167,0,,,,,,,62.32,rejected-distance,3
1632,6.798333,0,,,,,,,62.52,rejected-distance,4
1633,6.802500,0,,,,,,,62.74,rejected-distance,3
1634,6.806667,0,,,,,,,62.94,rejected-distance,3
1635,6.810833,0,,,,,,,63.11,rejected-distance,3
1636,6.815000,0,,,,,,,63.27,rejected-distance,3
1637,6.819167,0,,,,,,,63.46,rejected-distance,3
1638,6.823333,0,,,,,,,63.64,rejected-distance,4
1639,6.827500,0,,,,,,,63.82,rejected-distance,4
1640,6.831667,0,,,,,,,63.99,rejected-distance,4
1641,6.835833,0,,,,,,,64.11,rejected-distance,4
1642,6.840000,0,,,,,,,64.25,rejected-distance,4
1643,6.844167,0,,,,,,,64.28,rejected-distance,4
1644,6.848333,0,,,,,,,64.31,rejected-distance,4
1645,6.852500,0,,,,,,,64.35,rejected-distance,4
1646,6.856667,0,,,,,,,64.35,rejected-distance,4
1647,6.860833,0,,,,,,,64.37,rejected-distance,4
1648,6.865000,0,,,,,,,64.40,rejected-distance,4
1649,6.869167,0,,,,,,,64.49,rejected-distance,4
1650,6.873333,0,,,,,,,64.53,rejected-distance,4
1651,6.877500,0,,,,,,,64.62,rejected-distance,4
1652,6.881667,0,,,,,,,64.70,rejected-distance,4
1653,6.885833,0,,,,,,,64.81,rejected-distance,4
1654,6.890000,0,,,,,,,64.94,rejected-distance,4
1655,6.894167,0,,,,,,,65.04,rejected-distance,4
1656,6.898333,0,,,,,,,65.17,rejected-distance,4
1657,6.902500,0,,,,,,,65.33,rejected-distance,4
1658,6.906667,0,,,,,,,65.46,rejected-distance,4
1659,6.910833,0,,,,,,,65.56,rejected-distance,4
1660,6.915000,0,,,,,,,65.64,rejected-distance,4
1661,6.919167,0,,,,,,,65.66,rejected-distance,4
1662,6.923333,0,,,,,,,65.67,rejected-distance,4
1663,6.927500,0,,,,,,,65.68,rejected-distance,4
1664,6.931667,0,,,,,,,65.70,rejected-distance,4
1665,6.935833,0,,,,,,,65.69,rejected-distance,4
1666,6.940000,0,,,,,,,65.68,rejected-distance,5
1667,6.944167,0,,,,,,,65.67,rejected-distance,4
1668,6.948333,0,,,,,,,65.66,rejected-distance,5
1669,6.952500,0,,,,,,,65.66,rejected-distance,4
1670,6.956667,0,,,,,,,65.64,rejected-distance,4
1671,6.960833,0,,,,,,,65.65,rejected-distance,4
1672,6.965000,0,,,,,,,65.65,rejected-distance,4
1673,6.969167,0,,,,,,,65.70,rejected-distance,4
1674,6.973333,0,,,,,,,65.74,rejected-distance,4
1675,6.977500,0,,,,,,,65.77,rejected-distance,4
1676,6.981667,0,,,,,,,65.80,rejected-distance,4
1677,6.985833,0,,,,,,,65.81,rejected-distance,4
1678,6.990000,0,,,,,,,65.83,rejected-distance,4
1679,6.994167,0,,,,,,,65.84,rejected-distance,5
1680,6.998333,0,,,,,,,65.84,rejected-distance,4
1681,7.002500,0,,,,,,,65.87,rejected-distance,4
1682,7.006667,0,,,,,,,65.89,rejected-distance,4
1683,7.010833,0,,,,,,,65.90,rejected-distance,4
1684,7.015000,0,,,,,,,65.92,rejected-distance,4
1685,7.019167,0,,,,,,,65.95,rejected-distance,4
1686,7.023333,0,,,,,,,65.98,rejected-distance,4
1687,7.027500,0,,,,,,,66.06,rejected-distance,4
1688,7.031667,0,,,,,,,66.14,rejected-distance,4
1689,7.035833,0,,,,,,,66.24,rejected-distance,4
1690,7.040000,0,,,,,,,66.37,rejected-distance,4
1691,7.044167,0,,,,,,,66.49,rejected-distance,4
1692,7.048333,0,,,,,,,66.63,rejected-distance,4
1693,7.052500,0,,,,,,,66.81,rejected-distance,4
1694,7.056667,0,,,,,,,66.99,rejected-distance,4
1695,7.060833,0,,,,,,,67.17,rejected-distance,3
1696,7.065000,0,,,,,,,67.36,rejected-distance,4
1697,7.069167,0,,,,,,,67.54,rejected-distance,3
1698,7.073333,0,,,,,,,67.72,rejected-distance,3
1699,7.077500,0,,,,,,,67.89,rejected-distance,3
1700,7.081667,0,,,,,,,68.04,rejected-distance,3
1701,7.085833,0,,,,,,,68.16,rejected-distance,3
1702,7.090000,0,,,,,,,68.31,rejected-distance,3
1703,7.094167,0,,,,,,,68.47,rejected-distance,3
1704,7.098333,0,,,,,,,68.63,rejected-distance,4
1705,7.102500,0,,,,,,,68.83,rejected-distance,4
1706,7.106667,0,,,,,,,69.02,rejected-distance,5
1707,7.110833,0,,,,,,,69.19,rejected-distance,5
1708,7.115417,0,,,,,,,69.34,rejected-distance,4
1709,7.119583,0,,,,,,,69.51,rejected-distance,4
1710,7.123750,0,,,,,,,69.66,rejected-distance,4
1711,7.127917,0,,,,,,,69.82,rejected-distance,4
1712,7.132083,0,,,,,,,69.97,rejected-distance,4
1713,7.136250,0,,,,,,,70.09,rejected-distance,4
1714,7.140417,0,,,,,,,70.26,rejected-distance,4
1715,7.144583,0,,,,,,,70.41,rejected-distance,3
1716,7.148750,0,,,,,,,70.56,rejected-distance,3
1717,7.152917,0,,,,,,,70.69,rejected-distance,3
1718,7.157083,0,,,,,,,70.79,rejected-distance,3
1719,7.161250,0,,,,,,,70.80,rejected-distance,3
1720,7.165417,0,,,,,,,70.80,rejected-distance,3
1721,7.169583,0,,,,,,,70.76,rejected-distance,3
1722,7.173750,0,,,,,,,70.71,rejected-distance,3
1723,7.177917,0,,,,,,,70.64,rejected-distance,3
1724,7.182083,0,,,,,,,70.54,rejected-distance,3
1725,7.186250,0,,,,,,,70.41,rejected-distance,3
1726,7.190417,0,,,,,,,70.27,rejected-distance,3
1727,7.194583,0,,,,,,,70.13,rejected-distance,3
1728,7.198750,0,,,,,,,69.98,rejected-distance,3
1729,7.202917,0,,,,,,,69.81,rejected-distance,3
1730,7.207083,0,,,,,,,69.67,rejected-distance,4
1731,7.211250,0,,,,,,,69.56,rejected-distance,4
1732,7.215417,0,,,,,,,69.45,rejected-distance,4
1733,7.219583,0,,,,,,,69.39,rejected-distance,4
1734,7.223750,0,,,,,,,69.34,rejected-distance,4
1735,7.227917,0,,,,,,,69.35,rejected-distance,3
1736,7.232083,0,,,,,,,69.35,rejected-distance,4
1737,7.236250,0,,,,,,,69.43,rejected-distance,5
1738,7.240417,0,,,,,,,69.49,rejected-distance,5
1739,7.244583,0,,,,,,,69.52,rejected-distance,5
1740,7.248750,0,,,,,,,69.59,rejected-distance,5
1741,7.252917,0,,,,,,,69.66,rejected-distance,5
1742,7.257083,0,,,,,,,69.72,rejected-distance,5
1743,7.261250,0,,,,,,,69.79,rejected-distance,5
1744,7.265417,0,,,,,,,69.86,rejected-distance,4
1745,7.269583,0,,,,,,,69.89,rejected-distance,4
1746,7.273750,0,,,,,,,69.92,rejected-distance,4
1747,7.277917,0,,,,,,,69.89,rejected-distance,4
1748,7.282083,0,,,,,,,69.86,rejected-distance,4
1749,7.286250,0,,,,,,,69.78,rejected-distance,4
1750,7.290417,0,,,,,,,69.64,rejected-distance,4
1751,7.294583,0,,,,,,,69.51,rejected-distance,4
1752,7.298750,0,,,,,,,69.35,rejected-distance,5
1753,7.302917,0,,,,,,,69.10,rejected-distance,5
1754,7.307083,0,,,,,,,68.84,rejected-distance,5
1755,7.311250,0,,,,,,,68.58,rejected-distance,4
1756,7.315417,0,,,,,,,68.31,rejected-distance,5
1757,7.319583,0,,,,,,,68.05,rejected-distance,5
1758,7.323750,0,,,,,,,67.79,rejected-distance,3
1759,7.327917,0,,,,,,,67.55,rejected-distance,4
1760,7.332083,0,,,,,,,67.32,rejected-distance,3
1761,7.336250,0,,,,,,,67.14,rejected-distance,3
1762,7.340417,0,,,,,,,66.96,rejected-distance,3
1763,7.344583,0,,,,,,,66.90,rejected-distance,3
1764,7.348750,0,,,,,,,66.90,rejected-distance,4
1765,7.352917,0,,,,,,,67.00,rejected-distance,4
1766,7.357083,0,,,,,,,67.09,rejected-distance,4
1767,7.361250,0,,,,,,,67.23,rejected-distance,4
1768,7.365417,0,,,,,,,67.34,rejected-distance,4
1769,7.369583,0,,,,,,,67.46,rejected-distance,4
1770,7.373750,0,,,,,,,67.58,rejected-distance,4
1771,7.377917,0,,,,,,,67.68,rejected-distance,4
1772,7.382083,0,,,,,,,67.77,rejected-distance,4
1773,7.386250,0,,,,,,,67.93,rejected-distance,4
1774,7.390417,0,,,,,,,68.11,rejected-distance,4
1775,7.394583,0,,,,,,,68.30,rejected-distance,4
1776,7.398750,0,,,,,,,68.47,rejected-distance,4
1777,7.402917,0,,,,,,,68.62,rejected-distance,4
1778,7.407083,0,,,,,,,68.76,rejected-distance,4
1779,7.411250,0,,,,,,,68.82,rejected-distance,3
1780,7.415417,0,,,,,,,68.89,rejected-distance,3
1781,7.419583,1,0.2819,1591.64,773.49,1648.57,805.29,29.58,68.93,ok,4
1782,7.423750,0,,,,,,,68.93,rejected-jump,4
1783,7.427917,1,0.3209,1577.46,770.42,1634.27,802.19,31.25,68.90,ok,5
1784,7.432083,1,0.4787,1570.45,768.74,1627.19,800.49,32.72,68.87,ok,5
1785,7.436250,0,,,,,,,68.81,rejected-jump,4
1786,7.440417,0,,,,,,,68.75,rejected-size,4
1787,7.444583,0,,,,,,,68.62,rejected-size,4
1788,7.448750,1,0.4116,1540.18,760.26,1596.47,791.73,30.62,68.45,ok,5
1789,7.452917,1,0.3171,1531.58,758.39,1587.67,789.70,29.82,68.23,ok,5
1790,7.457083,1,0.3263,1524.87,755.43,1580.75,786.62,29.96,68.01,ok,5
1791,7.461250,1,0.7267,1517.33,754.10,1572.98,785.14,29.34,67.79,ok,5
1792,7.465417,1,0.8138,1510.27,752.73,1565.73,783.63,29.44,67.58,ok,4
1793,7.469583,1,0.6273,1502.72,750.69,1557.95,781.56,30.02,67.37,ok,5
1794,7.473750,1,0.6101,1494.53,749.76,1549.67,780.61,29.29,67.30,ok,5
1795,7.477917,1,0.8835,1488.05,747.54,1543.02,778.39,28.57,67.18,ok,5
1796,7.482083,1,0.8000,1480.66,746.01,1535.49,776.85,28.58,67.07,ok,5
1797,7.486250,1,0.8398,1473.36,744.03,1528.08,774.87,29.24,66.97,ok,5
1798,7.490417,1,0.8902,1465.99,742.41,1520.61,773.25,29.36,66.89,ok,5
1799,7.494583,1,0.8970,1458.78,741.32,1513.28,772.16,28.81,66.78,ok,5
1800,7.498750,1,0.8742,1451.47,740.04,1505.86,770.87,29.05,66.69,ok,5
1801,7.502917,1,0.8513,1444.31,737.92,1498.57,768.80,27.93,66.58,ok,5
1802,7.507083,1,0.8421,1436.97,736.71,1491.09,767.64,28.08,66.47,ok,5
1803,7.511250,1,0.8800,1430.49,735.65,1484.43,766.66,28.03,66.37,ok,5
1804,7.515417,1,0.5966,1423.16,733.31,1476.93,764.42,27.66,66.28,ok,5
1805,7.519583,1,0.7679,1416.01,732.48,1469.64,763.69,26.82,66.18,ok,5
1806,7.523750,1,0.9096,1409.26,730.60,1462.76,761.91,28.64,66.13,ok,5
1807,7.527917,1,0.9160,1402.14,729.30,1455.59,760.60,28.06,66.06,ok,5
1808,7.532083,1,0.8809,1395.61,727.38,1449.00,758.66,28.36,65.99,ok,5
1809,7.536250,1,0.3433,1387.52,726.09,1440.81,757.36,28.73,65.87,ok,5
1810,7.540417,1,0.7429,1381.71,725.51,1434.92,756.77,27.63,65.80,ok,5
1811,7.544583,1,0.7846,1374.10,724.70,1427.23,755.97,28.30,65.72,ok,5
1812,7.548750,1,0.8811,1368.12,723.22,1421.15,754.50,27.43,65.64,ok,5
1813,7.552917,1,0.8402,1360.54,721.97,1413.56,753.29,28.54,65.65,ok,5
1814,7.557083,1,0.8496,1353.19,720.99,1406.22,752.33,28.64,65.65,ok,5
1815,7.561250,1,0.9079,1346.41,719.11,1399.48,750.47,28.21,65.68,ok,5
1816,7.565417,1,0.9014,1339.25,717.82,1392.39,749.19,28.48,65.73,ok,5
1817,7.569583,1,0.8823,1332.77,717.22,1386.01,748.54,27.92,65.78,ok,4
1818,7.573750,1,0.8462,1325.85,715.76,1379.20,747.02,28.60,65.86,ok,4
1819,7.577917,1,0.8584,1318.95,714.20,1372.42,745.40,27.25,65.91,ok,4
1820,7.582083,1,0.8948,1311.93,713.62,1365.55,744.77,27.11,66.00,ok,6
1821,7.586250,1,0.8900,1305.75,712.51,1359.56,743.63,27.34,66.14,ok,5
1822,7.590417,1,0.8511,1298.98,710.89,1352.99,741.99,27.81,66.28,ok,5
1823,7.594583,1,0.7747,1291.90,710.48,1346.16,741.60,28.09,66.48,ok,5
1824,7.598750,1,0.8963,1285.15,709.73,1339.66,740.89,28.04,66.69,ok,5
1825,7.602917,1,0.8189,1278.12,708.10,1332.93,739.31,26.17,66.93,ok,5
1826,7.607083,1,0.8965,1271.81,707.30,1326.92,738.56,28.10,67.20,ok,5
1827,7.611250,1,0.8024,1265.10,706.68,1320.51,738.01,26.54,67.46,ok,5
1828,7.615417,1,0.8592,1257.96,705.47,1313.66,736.88,26.94,67.73,ok,5
1829,7.619583,1,0.7256,1251.91,703.74,1307.91,735.28,27.03,68.03,ok,4
1830,7.623750,1,0.8667,1245.55,704.14,1301.85,735.78,25.96,68.32,ok,4
1831,7.627917,1,0.9151,1238.16,703.75,1294.73,735.51,26.62,68.57,ok,4
1832,7.632083,1,0.9201,1232.02,702.17,1288.80,733.99,27.52,68.75,ok,4
1833,7.636250,1,0.8770,1225.43,700.96,1282.37,732.80,27.25,68.87,ok,4
1834,7.640417,1,0.6628,1219.08,700.89,1276.14,732.74,27.30,68.95,ok,4
1835,7.644583,1,0.8307,1213.24,700.29,1270.33,732.14,26.35,68.96,ok,4
1836,7.648750,1,0.8685,1205.89,699.45,1263.05,731.32,26.30,68.99,ok,4
1837,7.652917,1,0.7506,1200.17,698.55,1257.34,730.40,25.65,68.95,ok,4
1838,7.657083,1,0.8153,1193.15,697.98,1250.33,729.82,25.81,68.92,ok,4
1839,7.661250,1,0.7113,1187.25,697.14,1244.44,728.96,26.69,68.88,ok,4
1840,7.665417,1,0.8966,1180.30,696.41,1237.50,728.23,27.13,68.85,ok,4
1841,7.669583,1,0.9144,1174.40,696.11,1231.53,727.91,26.74,68.75,ok,4
1842,7.673750,1,0.8713,1167.91,695.85,1225.04,727.65,26.15,68.71,ok,4
1843,7.677917,1,0.8908,1160.84,695.73,1217.95,727.52,27.08,68.64,ok,4
1844,7.682083,1,0.8634,1154.72,694.72,1211.79,726.51,26.81,68.57,ok,4
1845,7.686250,1,0.8673,1149.01,694.28,1206.02,726.11,26.23,68.50,ok,4
1846,7.690417,1,0.8369,1143.01,693.70,1199.99,725.55,27.19,68.44,ok,4
1847,7.694583,1,0.8508,1136.90,692.97,1193.83,724.86,26.20,68.37,ok,4
1848,7.698750,1,0.8586,1130.02,692.91,1186.91,724.85,26.95,68.31,ok,4
1849,7.702917,1,0.8856,1124.29,692.65,1181.11,724.68,25.51,68.25,ok,4
1850,7.707083,1,0.8234,1118.30,692.70,1175.08,724.78,26.21,68.19,ok,4
1851,7.711250,1,0.8227,1112.21,692.20,1168.92,724.35,26.10,68.12,ok,4
1852,7.715417,1,0.8504,1106.30,692.05,1162.95,724.25,25.20,68.04,ok,4
1853,7.719583,1,0.7281,1100.26,691.64,1156.81,723.91,25.73,67.94,ok,5
1854,7.723750,1,0.8128,1093.68,691.23,1150.16,723.56,24.70,67.85,ok,5
1855,7.727917,1,0.3164,1087.64,690.59,1144.06,722.95,24.89,67.77,ok,4
1856,7.732083,1,0.8550,1081.50,690.97,1137.89,723.35,25.27,67.70,ok,5
1857,7.736250,1,0.8609,1076.36,690.60,1132.66,722.99,24.82,67.59,ok,4
1858,7.740417,1,0.8530,1070.36,689.59,1126.61,721.99,25.25,67.49,ok,5
1859,7.744583,1,0.6049,1064.15,689.57,1120.33,721.96,26.03,67.37,ok,5
1860,7.748750,1,0.8351,1058.07,689.81,1114.19,722.19,25.80,67.26,ok,5
1861,7.752917,1,0.7413,1052.42,689.76,1108.47,722.16,25.45,67.15,ok,5
1862,7.757083,1,0.5758,1046.35,689.93,1102.39,722.34,25.02,67.11,ok,5
1863,7.761250,1,0.4179,1041.23,689.61,1097.26,722.05,24.85,67.06,ok,5
1864,7.765417,1,0.7739,1034.06,689.40,1090.10,721.88,26.16,67.02,ok,5
1865,7.769583,1,0.8576,1028.87,689.79,1084.95,722.33,25.49,67.04,ok,5
1866,7.773750,1,0.7952,1022.82,689.67,1078.95,722.26,25.14,67.06,ok,5
1867,7.777917,1,0.7371,1017.30,689.22,1073.52,721.86,24.48,67.12,ok,5
1868,7.782083,1,0.8552,1011.32,689.93,1067.67,722.62,24.54,67.20,ok,5
1869,7.786250,1,0.7619,1005.26,689.66,1061.80,722.44,24.38,67.35,ok,4
1870,7.790417,1,0.7161,999.67,690.04,1056.43,722.90,24.66,67.54,ok,4
1871,7.794583,1,0.5617,994.40,689.67,1051.39,722.64,23.82,67.74,ok,4
1872,7.798750,1,0.7600,988.11,689.73,1045.34,722.81,24.66,67.94,ok,5
1873,7.802917,1,0.8544,981.45,690.03,1038.96,723.17,25.04,68.16,ok,5
1874,7.807083,1,0.7589,976.03,690.58,1033.83,723.78,24.75,68.40,ok,5
1875,7.811250,1,0.4033,970.25,691.02,1028.33,724.26,24.15,68.62,ok,4
1876,7.815417,1,0.8270,964.61,691.09,1022.98,724.38,24.73,68.85,ok,4
1877,7.819583,1,0.4676,959.23,690.51,1017.92,723.76,23.65,69.06,ok,4
1878,7.823750,0,,,,,,,69.28,rejected-jump,3
1879,7.827917,1,0.5521,947.51,691.63,1006.84,724.76,24.46,69.46,ok,5
1880,7.832083,1,0.8260,942.18,692.75,1001.79,725.81,24.75,69.64,ok,5
1881,7.836250,1,0.8095,936.41,692.72,996.28,725.74,24.07,69.80,ok,5
1882,7.840417,1,0.8409,930.93,693.15,991.06,726.10,25.51,69.96,ok,5
1883,7.844583,1,0.7507,924.87,692.93,985.25,725.76,24.49,70.06,ok,5
1884,7.848750,1,0.6866,919.49,693.77,980.08,726.46,24.74,70.14,ok,5
1885,7.852917,1,0.8376,913.87,694.13,974.65,726.70,24.50,70.19,ok,5
1886,7.857083,1,0.8457,908.17,695.22,969.10,727.69,24.32,70.23,ok,5
1887,7.861250,1,0.6070,902.71,694.74,963.80,727.13,23.77,70.27,ok,4
1888,7.865417,1,0.5474,897.77,695.63,959.00,727.91,24.44,70.31,ok,4
1889,7.869583,1,0.2534,891.92,696.00,953.33,728.20,25.03,70.38,ok,4
1890,7.873750,1,0.7253,886.15,696.89,947.70,729.02,24.45,70.43,ok,3
1891,7.877917,1,0.7954,880.85,697.95,942.52,730.02,24.37,70.44,ok,3
1892,7.882083,1,0.6224,875.30,697.73,937.05,729.78,24.27,70.45,ok,3
1893,7.886250,1,0.4800,869.43,698.11,931.30,730.10,24.07,70.48,ok,3
1894,7.890417,1,0.6787,863.97,699.15,925.92,731.13,23.69,70.48,ok,4
1895,7.894583,1,0.6619,859.79,699.63,921.81,731.58,24.91,70.50,ok,4
1896,7.898750,1,0.8710,853.38,700.34,915.51,732.26,24.70,70.51,ok,5
1897,7.902917,1,0.8309,847.61,700.85,909.89,732.78,24.91,70.59,ok,4
1898,7.907083,1,0.8472,842.02,701.46,904.40,733.39,23.86,70.63,ok,4
1899,7.911250,1,0.8492,836.67,702.09,899.19,734.01,23.58,70.69,ok,5
1900,7.915417,1,0.7980,830.78,703.16,893.43,735.08,23.29,70.74,ok,3
1901,7.919583,1,0.7754,825.92,703.89,888.71,735.82,24.39,70.83,ok,3
1902,7.923750,1,0.5732,820.31,705.50,883.20,737.44,23.96,70.87,ok,3
1903,7.927917,1,0.4303,815.10,705.13,878.11,737.10,23.53,70.94,ok,3
1904,7.932083,1,0.8033,809.45,706.19,872.61,738.18,22.94,71.02,ok,4
1905,7.936250,1,0.7899,804.23,707.40,867.57,739.45,23.22,71.17,ok,3
1906,7.940417,1,0.8600,798.88,708.90,862.41,740.98,24.23,71.29,ok,3
1907,7.944583,1,0.8610,793.61,709.44,857.33,741.56,24.63,71.43,ok,3
1908,7.948750,1,0.8771,787.36,710.20,851.25,742.34,24.32,71.51,ok,3
1909,7.952917,1,0.8239,781.51,711.14,845.57,743.25,24.14,71.58,ok,3
1910,7.957083,1,0.8829,776.84,712.13,841.06,744.20,24.18,71.66,ok,3
1911,7.961250,1,0.5872,771.74,712.83,836.14,744.87,23.79,71.74,ok,3
1912,7.965417,1,0.8077,766.53,713.92,831.11,745.91,23.83,71.83,ok,3
1913,7.969583,1,0.4495,761.45,715.07,826.21,746.98,24.38,71.90,ok,3
1914,7.973750,1,0.5255,755.80,716.87,820.72,748.69,25.30,71.96,ok,3
1915,7.977917,1,0.8348,750.00,717.90,815.03,749.63,24.29,71.95,ok,3
1916,7.982083,1,0.8554,745.24,718.85,810.36,750.45,23.76,71.93,ok,4
1917,7.986250,1,0.8394,739.01,719.93,804.18,751.36,23.42,71.83,ok,3
1918,7.990417,1,0.5790,734.48,720.68,799.66,751.91,24.09,71.71,ok,3
1919,7.994583,1,0.6559,730.07,722.30,795.24,753.31,24.63,71.55,ok,3
1920,7.998750,1,0.6860,724.20,722.87,789.38,753.68,24.15,71.39,ok,3
1921,8.002917,1,0.3757,718.66,724.54,783.78,755.16,24.30,71.19,ok,3
1922,8.007083,1,0.7597,713.86,725.58,778.93,756.03,24.09,71.01,ok,3
1923,8.011250,1,0.6777,708.04,726.30,773.07,756.62,23.43,70.83,ok,3
1924,8.015417,1,0.4132,702.41,727.93,767.40,758.13,23.82,70.67,ok,3
1925,8.019583,1,0.7017,697.50,729.51,762.47,759.65,24.06,70.55,ok,3
1926,8.023750,1,0.7599,692.67,730.25,757.66,760.37,24.30,70.49,ok,3
1927,8.027917,1,0.7140,686.76,732.01,751.79,762.17,23.78,70.46,ok,3
1928,8.032083,1,0.5636,681.82,733.60,746.90,763.81,22.30,70.45,ok,3
1929,8.036250,1,0.6448,676.14,734.28,741.30,764.59,23.08,70.49,ok,3
1930,8.040417,1,0.7320,671.36,737.18,736.59,767.56,23.08,70.55,ok,3
1931,8.044583,1,0.7426,666.56,737.40,731.88,767.89,23.98,70.61,ok,3
1932,8.048750,1,0.2564,660.90,739.49,726.31,770.00,23.10,70.64,ok,3
1933,8.052917,0,,,,,,,70.71,rejected-jump,2
1934,8.057083,0,,,,,,,70.75,rejected-jump,2
1935,8.061250,1,0.2692,645.66,740.04,711.41,770.69,22.45,70.83,ok,3
1936,8.065417,1,0.4204,641.69,739.28,707.55,769.99,22.29,70.90,ok,3
1937,8.069583,1,0.4396,638.04,739.65,704.03,770.37,23.77,70.99,ok,3
1938,8.073750,1,0.3912,634.24,738.31,700.38,769.07,22.93,71.09,ok,3
1939,8.077917,1,0.5901,630.55,737.02,696.85,767.80,23.82,71.18,ok,3
1940,8.082083,1,0.7797,626.10,736.22,692.55,767.02,23.07,71.26,ok,3
1941,8.086250,1,0.7209,622.27,735.51,688.90,766.36,25.24,71.38,ok,3
1942,8.090417,1,0.8102,619.36,734.34,686.20,765.25,24.75,71.57,ok,3
1943,8.094583,1,0.7474,615.67,733.70,682.82,764.76,25.04,71.85,ok,3
1944,8.098750,1,0.7137,611.26,731.94,678.73,763.17,23.31,72.13,ok,3
1945,8.102917,1,0.5574,607.15,730.53,674.92,761.92,22.73,72.38,ok,3
1946,8.107083,1,0.6798,603.45,730.38,671.49,761.88,24.48,72.62,ok,3
1947,8.111250,1,0.6506,599.54,729.12,667.81,760.72,23.87,72.79,ok,3
1948,8.115417,1,0.7729,596.09,728.32,664.58,759.99,24.56,72.94,ok,4
1949,8.119583,1,0.6459,592.56,726.72,661.21,758.41,23.85,73.01,ok,4
1950,8.123750,1,0.8464,589.06,726.38,657.92,758.05,24.38,73.10,ok,4
1951,8.127917,1,0.8087,584.87,725.85,653.98,757.36,24.65,73.13,ok,3
1952,8.132083,1,0.7954,581.70,724.26,651.01,755.65,23.84,73.15,ok,3
1953,8.136250,1,0.3528,577.89,723.57,647.37,754.83,24.31,73.15,ok,3
1954,8.140417,1,0.5928,574.33,722.87,643.96,754.02,23.71,73.15,ok,3
1955,8.144583,1,0.8119,569.53,722.40,639.29,753.43,24.22,73.11,ok,3
1956,8.148750,1,0.8126,566.18,721.89,636.04,752.82,23.66,73.07,ok,3
1957,8.152917,1,0.6950,562.71,720.65,632.72,751.51,24.14,73.06,ok,3
1958,8.157083,1,0.7773,558.59,719.72,628.67,750.59,24.70,73.03,ok,3
1959,8.161250,1,0.8386,555.93,719.50,626.09,750.32,25.74,73.01,ok,3
1960,8.165417,1,0.8725,550.79,719.29,621.09,750.07,24.71,73.00,ok,3
1961,8.169583,1,0.7051,548.63,718.52,619.00,749.26,24.87,72.96,ok,3
1962,8.173750,1,0.7727,543.93,717.19,614.39,747.91,23.54,72.91,ok,4
1963,8.177917,1,0.8660,539.95,716.61,610.43,747.34,24.48,72.85,ok,4
1964,8.182083,1,0.8526,536.15,715.61,606.61,746.37,24.65,72.73,ok,4
1965,8.186250,1,0.6187,533.52,715.53,603.80,746.29,23.57,72.50,ok,4
1966,8.190417,1,0.5073,529.12,714.27,599.17,745.03,23.04,72.20,ok,4
1967,8.194583,1,0.8060,525.73,714.00,595.44,744.67,24.87,71.78,ok,4
1968,8.198750,1,0.8316,521.64,713.61,591.02,744.18,24.79,71.34,ok,4
1969,8.202917,1,0.7598,517.90,713.59,586.95,744.06,24.50,70.92,ok,4
1970,8.207083,1,0.7440,514.14,712.75,582.86,743.15,24.00,70.51,ok,4
1971,8.211667,1,0.4265,510.91,712.52,579.33,742.89,25.29,70.16,ok,4
1972,8.215833,1,0.8243,507.21,711.93,575.36,742.28,24.78,69.82,ok,3
1973,8.220000,1,0.6923,502.74,711.24,570.64,741.68,23.90,69.57,ok,3
1974,8.224167,1,0.8523,499.42,711.32,567.08,741.88,23.84,69.35,ok,3
1975,8.228333,1,0.5608,495.85,710.58,563.40,741.27,24.40,69.25,ok,3
1976,8.232500,1,0.8358,492.37,710.38,559.75,741.29,25.22,69.14,ok,3
1977,8.236667,1,0.6742,487.97,709.88,555.26,740.98,23.28,69.07,ok,3
1978,8.240833,1,0.7925,484.18,710.00,551.40,741.25,24.89,69.02,ok,3
1979,8.245000,1,0.7610,480.41,709.76,547.67,741.24,24.68,69.10,ok,3
1980,8.249167,1,0.7352,477.03,709.23,544.34,740.95,25.06,69.19,ok,3
1981,8.253333,1,0.7935,473.37,708.93,540.80,740.90,25.12,69.34,ok,4
1982,8.257500,1,0.8160,469.56,708.55,537.10,740.77,24.93,69.49,ok,4
1983,8.261667,1,0.6596,465.06,708.61,532.74,741.07,23.65,69.64,ok,4
1984,8.265833,1,0.8448,462.11,708.43,529.90,741.14,25.03,69.80,ok,4
1985,8.270000,1,0.7911,458.23,708.15,526.18,741.07,24.33,69.96,ok,4
1986,8.274167,1,0.8592,454.68,707.78,522.80,740.93,24.15,70.14,ok,6
1987,8.278333,1,0.8057,450.54,707.55,518.84,740.94,24.47,70.33,ok,6
1988,8.282500,1,0.8263,446.71,707.54,515.21,741.17,24.44,70.53,ok,6
1989,8.286667,1,0.6430,443.04,707.23,511.74,741.11,24.57,70.76,ok,6
1990,8.290833,1,0.8479,439.73,707.30,508.62,741.44,25.01,70.99,ok,5
1991,8.295000,1,0.7522,436.14,706.88,505.22,741.25,25.17,71.21,ok,6
1992,8.299167,1,0.8863,431.28,707.72,500.59,742.23,23.46,71.39,ok,5
1993,8.303333,1,0.7164,428.54,707.07,498.06,741.72,23.80,71.59,ok,5
1994,8.307500,1,0.8406,425.28,707.78,495.03,742.55,25.58,71.79,ok,6
1995,8.311667,1,0.8518,422.52,707.50,492.48,742.41,25.20,72.00,ok,6
1996,8.315833,1,0.8606,416.96,707.31,487.20,742.40,23.73,72.23,ok,6
1997,8.320000,1,0.6686,413.28,707.29,483.74,742.61,23.40,72.48,ok,6
1998,8.324167,1,0.5259,410.13,707.86,480.78,743.42,25.37,72.74,ok,6
1999,8.328333,1,0.8025,406.49,708.07,477.35,743.91,24.54,73.00,ok,4
2000,8.332500,1,0.7957,403.15,708.18,474.19,744.30,24.88,73.25,ok,4
2001,8.336667,1,0.7326,399.09,708.29,470.29,744.72,24.55,73.48,ok,5
2002,8.340833,1,0.7867,395.10,708.62,466.45,745.36,24.82,73.71,ok,5
2003,8.345000,1,0.7605,391.07,709.29,462.57,746.31,24.96,73.93,ok,4
2004,8.349167,1,0.8405,388.22,709.22,459.84,746.53,24.48,74.14,ok,4
2005,8.353333,1,0.8826,384.27,708.97,456.00,746.51,24.72,74.28,ok,4
2006,8.357500,1,0.7313,380.11,709.47,451.94,747.22,24.72,74.40,ok,5
2007,8.361667,1,0.8146,377.12,709.65,449.00,747.60,25.47,74.50,ok,5
2008,8.365833,1,0.8379,373.07,710.10,445.02,748.21,25.93,74.56,ok,5
2009,8.370000,1,0.8835,369.46,710.69,441.42,748.93,25.57,74.58,ok,5
2010,8.374167,1,0.7606,365.09,710.94,437.09,749.30,24.60,74.60,ok,5
2011,8.378333,1,0.8241,361.30,711.08,433.31,749.58,24.44,74.62,ok,5
2012,8.382500,1,0.6011,359.00,711.54,431.01,750.17,24.78,74.66,ok,4
2013,8.386667,1,0.8697,355.42,712.23,427.44,751.05,24.65,74.72,ok,4
2014,8.390833,1,0.8047,351.62,712.69,423.67,751.71,25.57,74.79,ok,4
2015,8.395000,1,0.6924,346.80,712.31,418.92,751.54,23.94,74.87,ok,4
2016,8.399167,1,0.6118,342.86,713.01,415.03,752.42,24.42,74.93,ok,4
2017,8.403333,1,0.5663,340.46,713.50,412.66,753.02,24.35,74.98,ok,5
2018,8.407500,1,0.6484,338.02,713.88,410.25,753.65,25.69,75.12,ok,4
2019,8.411667,1,0.7382,332.78,715.11,405.10,755.09,24.78,75.24,ok,5
2020,8.415833,1,0.8565,329.13,715.35,401.51,755.55,25.10,75.37,ok,5
2021,8.420000,1,0.7831,325.43,715.92,397.89,756.35,24.79,75.51,ok,4
2022,8.424167,1,0.6831,322.42,716.53,394.94,757.12,25.07,75.62,ok,3
2023,8.428333,1,0.8399,319.02,717.69,391.60,758.38,25.54,75.71,ok,3
2024,8.432500,1,0.8552,315.40,717.95,388.05,758.77,25.60,75.80,ok,3
2025,8.436667,1,0.7412,310.87,718.68,383.57,759.55,25.08,75.82,ok,4
2026,8.440833,1,0.7040,307.32,719.16,380.09,760.04,23.95,75.83,ok,4
2027,8.445000,1,0.7055,304.40,719.79,377.21,760.68,25.59,75.84,ok,4
2028,8.449167,1,0.6924,299.97,720.02,372.86,760.93,25.43,75.85,ok,6
2029,8.453333,1,0.7348,296.53,721.33,369.49,762.19,25.45,75.85,ok,4
2030,8.457500,1,0.7867,292.91,722.14,365.96,762.95,24.49,75.85,ok,4
2031,8.461667,1,0.7648,290.08,723.61,363.29,764.33,24.52,75.90,ok,4
2032,8.465833,1,0.8579,286.74,724.14,360.19,764.78,25.90,75.99,ok,3
2033,8.470000,1,0.4498,282.10,725.32,355.92,765.91,26.04,76.18,ok,3
2034,8.474167,1,0.6186,277.92,725.88,352.12,766.43,24.92,76.39,ok,3
2035,8.478333,1,0.7161,275.12,726.62,349.67,767.19,24.47,76.65,ok,5
2036,8.482500,1,0.3816,271.65,727.57,346.61,768.16,25.06,76.93,ok,5
2037,8.486667,1,0.2816,268.30,727.44,343.69,768.08,24.08,77.24,ok,3
2038,8.490833,1,0.4793,263.19,728.49,339.07,769.16,23.12,77.57,ok,3
2039,8.495000,1,0.5494,260.25,730.09,336.60,770.74,24.08,77.93,ok,4
2040,8.499167,1,0.8073,257.03,731.44,333.85,772.07,25.18,78.27,ok,4
2041,8.503333,1,0.5623,253.79,732.20,331.09,772.81,25.54,78.64,ok,4
2042,8.507500,0,,,,,,,79.01,rejected-jump,2
2043,8.511667,0,,,,,,,79.39,rejected-jump,2
2044,8.515833,1,0.2944,242.55,734.07,321.38,774.59,24.62,79.76,ok,3
2045,8.520000,0,,,,,,,80.06,rejected-jump,2
2046,8.524167,1,0.6253,236.72,735.12,316.42,775.46,24.28,80.34,ok,4
2047,8.528333,1,0.4904,232.27,734.86,312.33,775.08,23.92,80.52,ok,4
2048,8.532500,1,0.5349,229.49,734.71,309.86,774.80,23.64,80.70,ok,4
2049,8.536667,0,,,,,,,80.84,rejected-jump,3
2050,8.540833,1,0.6793,224.60,733.96,305.55,773.79,25.67,80.97,ok,4
2051,8.545000,1,0.3841,222.05,732.68,303.23,772.41,25.73,81.07,ok,4
2052,8.549167,1,0.5708,218.50,731.94,299.88,771.60,24.06,81.13,ok,4
2053,8.553333,1,0.3037,215.08,731.20,296.61,770.75,23.08,81.15,ok,4
2054,8.557500,1,0.2972,212.76,730.97,294.35,770.49,24.42,81.16,ok,4
2055,8.561667,0,,,,,,,81.16,rejected-jump,3
2056,8.565833,1,0.7264,206.80,729.91,288.58,769.32,24.66,81.17,ok,4
2057,8.570000,1,0.7033,203.76,729.56,285.58,768.95,24.15,81.13,ok,4
2058,8.574167,1,0.5766,202.01,729.01,283.84,768.39,24.91,81.10,ok,4
2059,8.578333,1,0.4189,198.14,728.41,280.03,767.82,24.65,81.08,ok,4
2060,8.582500,1,0.5220,194.60,727.74,276.51,767.18,23.10,81.04,ok,4
2061,8.586667,1,0.5612,192.07,727.48,273.93,766.98,25.02,80.98,ok,4
2062,8.590833,1,0.2976,189.85,726.85,271.66,766.42,25.54,80.93,ok,4
2063,8.595000,1,0.4278,187.16,726.41,268.93,766.09,25.53,80.89,ok,5
2064,8.599167,1,0.8847,183.48,726.00,265.22,765.79,24.67,80.85,ok,5
2065,8.603333,1,0.6146,180.43,725.65,262.13,765.59,24.95,80.84,ok,4
2066,8.607500,1,0.7673,178.16,725.01,259.81,765.10,25.32,80.81,ok,4
2067,8.611667,1,0.7921,175.43,724.30,257.06,764.55,26.15,80.79,ok,4
2068,8.615833,1,0.8262,172.29,724.72,253.91,765.09,25.54,80.78,ok,4
2069,8.620000,1,0.7118,168.81,724.48,250.39,764.93,24.71,80.69,ok,4
2070,8.624167,1,0.4804,166.15,723.61,247.75,764.11,23.87,80.65,ok,4
2071,8.628333,1,0.2584,162.62,722.98,244.22,763.54,24.71,80.60,ok,5
2072,8.632500,1,0.7319,160.62,722.95,242.20,763.57,25.87,80.54,ok,5
2073,8.636667,1,0.6209,157.08,722.72,238.70,763.43,25.16,80.57,ok,4
2074,8.640833,0,,,,,,,80.59,rejected-jump,3
2075,8.645000,1,0.7060,152.52,722.16,234.23,762.97,25.59,80.60,ok,4
2076,8.649167,0,,,,,,,80.61,rejected-jump,3
2077,8.653333,1,0.3495,145.48,721.90,227.25,762.76,24.34,80.59,ok,4
2078,8.657500,1,0.5791,142.41,721.65,224.24,762.51,24.22,80.59,ok,4
2079,8.661667,1,0.3903,139.25,721.09,221.13,761.96,24.19,80.58,ok,4
2080,8.665833,1,0.6242,137.95,721.28,219.83,762.16,25.00,80.57,ok,4
2081,8.670000,1,0.7173,135.11,721.47,217.05,762.36,25.66,80.57,ok,5
2082,8.674167,1,0.7851,131.70,721.55,213.71,762.44,25.47,80.57,ok,4
2083,8.678333,1,0.7925,128.77,721.25,210.84,762.14,25.40,80.56,ok,4
2084,8.682500,1,0.8054,126.43,721.60,208.55,762.48,26.23,80.56,ok,4
2085,8.686667,1,0.8302,123.07,721.41,205.35,762.33,25.72,80.63,ok,4
2086,8.690833,1,0.7467,120.21,721.53,202.60,762.44,25.29,80.67,ok,4
2087,8.695000,1,0.3308,118.36,721.06,200.87,762.01,26.05,80.74,ok,4
2088,8.699167,1,0.7657,114.12,721.38,196.77,762.34,26.28,80.80,ok,4
2089,8.703333,1,0.7666,110.59,721.60,193.36,762.56,24.67,80.87,ok,4
2090,8.707500,1,0.7543,107.90,721.17,190.73,762.13,24.43,80.89,ok,4
2091,8.711667,1,0.7683,106.01,721.61,188.88,762.56,24.57,80.89,ok,4
2092,8.715833,1,0.7679,102.76,721.85,185.70,762.78,25.64,80.89,ok,4
2093,8.720000,1,0.7032,98.19,721.83,181.20,762.74,24.65,80.88,ok,4
2094,8.724167,1,0.6772,95.99,721.48,179.01,762.37,24.77,80.85,ok,4
2095,8.728333,1,0.6515,93.66,722.38,176.69,763.25,25.81,80.83,ok,4
2096,8.732500,1,0.4381,90.84,722.89,173.85,763.74,25.53,80.79,ok,4
2097,8.736667,1,0.5501,87.98,722.83,170.89,763.76,24.50,80.75,ok,4
2098,8.740833,1,0.5108,84.07,722.91,166.88,763.93,23.74,80.71,ok,3
2099,8.745000,1,0.5693,81.80,723.18,164.48,764.31,24.92,80.68,ok,4
2100,8.749167,1,0.4699,79.42,723.40,161.97,764.64,25.73,80.63,ok,5
2101,8.753333,1,0.6391,76.09,724.49,158.55,765.85,25.23,80.61,ok,5
2102,8.757500,1,0.5531,73.30,725.24,155.66,766.74,24.37,80.58,ok,5
2103,8.761667,1,0.6676,70.28,724.96,152.54,766.62,24.57,80.55,ok,4
2104,8.765833,1,0.4521,67.15,725.55,149.29,767.38,25.82,80.51,ok,4
2105,8.770000,1,0.6606,63.94,725.80,145.90,767.78,25.82,80.42,ok,4
2106,8.774167,1,0.3434,60.20,726.21,142.00,768.34,24.60,80.32,ok,4
2107,8.778333,0,,,,,,,80.20,rejected-jump,3
2108,8.782500,1,0.7328,55.78,727.41,137.20,769.72,26.44,80.09,ok,4
2109,8.786667,1,0.3766,51.80,727.53,133.03,769.89,25.66,79.94,ok,4
2110,8.790833,1,0.4863,48.75,727.99,129.77,770.40,25.40,79.78,ok,4
2111,8.795000,1,0.3170,45.85,728.47,126.73,770.90,24.50,79.66,ok,5
2112,8.799167,1,0.6257,43.48,729.12,124.26,771.57,25.95,79.57,ok,5
2113,8.803333,1,0.6585,40.60,730.16,121.30,772.58,26.94,79.47,ok,5
2114,8.807500,1,0.7610,37.59,730.85,118.23,773.23,26.32,79.39,ok,5
2115,8.811667,1,0.6647,34.35,731.74,114.94,774.08,24.90,79.30,ok,5
2116,8.815833,0,,,,,,,79.22,rejected-jump,3
2117,8.820000,1,0.3637,29.14,732.36,109.69,774.57,26.35,79.17,ok,5
2118,8.824167,1,0.6365,24.16,732.65,104.77,774.76,23.73,79.13,ok,5
2119,8.828333,1,0.3966,21.79,733.78,102.50,775.67,24.45,79.12,ok,6
2120,8.832500,0,,,,,,,79.11,rejected-jump,4
2121,8.836667,0,,,,,,,79.16,rejected-jump,3
2122,8.840833,1,0.8077,13.95,736.11,95.08,777.42,25.10,79.21,ok,5
2123,8.845000,1,0.2517,12.44,735.31,93.71,776.48,25.14,79.28,ok,4
2124,8.849167,0,,,,,,,79.35,rejected-jump,3
2125,8.853333,1,0.2897,5.44,733.31,87.16,774.21,24.74,79.49,ok,4
2126,8.857500,1,0.3098,3.09,732.72,85.05,773.47,24.37,79.63,ok,5
2127,8.861667,1,0.3942,0.87,732.81,83.11,773.40,24.52,79.81,ok,5
2128,8.865833,0,,,,,,,79.99,rejected-jump,4
2129,8.870000,0,,,,,,,80.19,rejected-jump,4
2130,8.874167,1,0.4964,-6.90,731.33,76.21,771.59,25.17,80.39,ok,5
2131,8.878333,1,0.2581,-9.35,731.01,74.08,771.19,25.39,80.61,ok,4
2132,8.882500,1,0.4185,-12.19,730.67,71.57,770.77,26.97,80.83,ok,4
2133,8.886667,0,,,,,,,81.08,rejected-jump,4
2134,8.890833,1,0.5534,-17.36,729.60,67.05,769.66,25.84,81.32,ok,5
2135,8.895000,1,0.4977,-20.77,729.65,63.97,769.69,25.86,81.56,ok,5
2136,8.899167,1,0.4136,-22.65,728.76,62.40,768.81,25.41,81.80,ok,5
2137,8.903333,0,,,,,,,82.07,rejected-jump,4
2138,8.907500,1,0.4054,-26.89,727.16,58.83,767.33,24.82,82.34,ok,5
2139,8.911667,1,0.6482,-30.71,728.04,55.36,768.22,25.17,82.60,ok,5
2140,8.915833,1,0.5830,-32.87,727.00,53.51,767.25,24.06,82.85,ok,5
2141,8.920000,1,0.2784,-34.03,726.81,52.65,767.13,26.24,83.09,ok,5
2142,8.924167,0,,,,,,,83.32,rejected-jump,5
2143,8.928333,1,0.3077,-41.34,726.31,46.06,766.75,23.70,83.54,ok,6
2144,8.932500,1,0.5703,-43.03,725.71,44.68,766.20,24.24,83.76,ok,6
2145,8.936667,1,0.5235,-44.68,725.45,43.34,766.01,25.57,83.96,ok,6
2146,8.940833,1,0.5839,-47.63,725.47,40.71,766.09,25.66,84.16,ok,7
2147,8.945000,1,0.6297,-50.80,725.51,37.75,766.17,25.21,84.25,ok,6
2148,8.949167,1,0.6024,-53.36,725.06,35.39,765.77,25.32,84.35,ok,6
2149,8.953333,1,0.3598,-55.57,725.49,33.34,766.30,26.14,84.48,ok,6
2150,8.957500,1,0.8461,-57.91,725.03,31.17,765.96,26.03,84.57,ok,6
2151,8.961667,1,0.8592,-60.85,724.70,28.41,765.75,26.05,84.68,ok,6
2152,8.965833,1,0.7305,-63.50,724.74,25.92,765.91,25.56,84.78,ok,6
2153,8.970000,1,0.5331,-66.21,724.00,23.31,765.29,24.90,84.84,ok,6
2154,8.974167,1,0.6513,-68.78,724.40,20.83,765.80,26.02,84.89,ok,6
2155,8.978333,1,0.6533,-72.69,723.77,17.05,765.38,25.65,84.99,ok,6
2156,8.982500,1,0.5185,-74.32,724.36,15.49,766.16,26.57,85.11,ok,6
2157,8.986667,1,0.4726,-76.72,724.11,13.10,766.11,25.00,85.17,ok,6
2158,8.990833,0,,,,,,,85.24,rejected-jump,4
2159,8.995000,0,,,,,,,85.22,rejected-jump,4
2160,8.999167,0,,,,,,,85.20,rejected-jump,5
2161,9.003333,0,,,,,,,85.20,rejected-jump,5
2162,9.007500,0,,,,,,,85.20,rejected-jump,5
2163,9.011667,0,,,,,,,85.22,rejected-jump,5
2164,9.015833,0,,,,,,,85.24,rejected-jump,5
2165,9.020000,0,,,,,,,85.30,rejected-jump,4
2166,9.024167,0,,,,,,,85.36,rejected-size,4
2167,9.028333,0,,,,,,,85.44,rejected-size,4
2168,9.032500,0,,,,,,,85.53,rejected-size,4
2169,9.036667,0,,,,,,,85.60,rejected-size,4
2170,9.040833,0,,,,,,,85.69,rejected-size,4
2171,9.045000,0,,,,,,,85.88,rejected-size,4
2172,9.049167,0,,,,,,,86.12,rejected-size,4
2173,9.053333,0,,,,,,,86.33,rejected-size,4
2174,9.057500,0,,,,,,,86.53,rejected-size,4
2175,9.061667,0,,,,,,,86.68,rejected-size,4
2176,9.065833,0,,,,,,,86.83,rejected-size,4
2177,9.070000,0,,,,,,,86.93,rejected-size,4
2178,9.074167,0,,,,,,,87.06,rejected-size,4
2179,9.078333,0,,,,,,,87.19,rejected-size,3
2180,9.082500,0,,,,,,,87.31,rejected-size,3
2181,9.086667,0,,,,,,,87.41,rejected-size,3
2182,9.090833,0,,,,,,,87.51,rejected-size,2
2183,9.095000,0,,,,,,,87.56,rejected-size,2
2184,9.099167,0,,,,,,,87.60,rejected-size,2
2185,9.103333,0,,,,,,,87.62,rejected-size,3
2186,9.107500,0,,,,,,,87.62,rejected-size,3
2187,9.111667,0,,,,,,,87.63,rejected-size,4
