frame,time_s,detected,confidence,cx,cy,raw_cx,raw_cy,diameter,drift_px,status,candidates
0,0.000000,1,0.3951,1628.51,822.08,1628.51,822.08,30.09,0.00,ok,4
1,0.000000,1,0.5198,1628.71,822.40,1627.76,821.77,29.68,1.09,ok,5
2,0.004167,1,0.2836,1628.99,822.45,1627.40,821.16,29.95,2.07,ok,4
3,0.008333,1,0.3886,1629.27,822.57,1627.23,820.70,29.89,2.87,ok,3
4,0.012500,1,0.4020,1629.04,822.06,1626.76,819.72,30.34,3.47,ok,4
5,0.016667,1,0.3223,1629.02,822.14,1626.68,819.50,30.20,3.87,ok,3
6,0.020833,1,0.2671,1628.87,822.12,1626.61,819.26,30.17,4.15,ok,1
7,0.025000,1,0.2570,1628.86,822.26,1626.93,819.26,30.13,4.30,ok,1
8,0.029167,0,,,,,,,4.45,rejected-jump,1
9,0.033333,0,,,,,,,4.65,rejected-jump,2
10,0.037500,1,0.3966,1629.11,822.22,1629.36,819.18,30.69,4.95,ok,3
11,0.041667,1,0.3116,1629.66,822.38,1630.82,819.68,30.54,5.23,ok,2
12,0.045833,1,0.3318,1629.72,823.02,1632.10,820.68,30.06,5.87,ok,2
13,0.050000,1,0.4176,1629.80,823.13,1633.62,821.10,29.92,6.86,ok,3
14,0.054167,0,,,,,,,8.09,rejected-jump,1
15,0.058333,0,,,,,,,9.48,rejected-size,2
16,0.062500,0,,,,,,,10.94,rejected-size,2
17,0.066667,1,0.2774,1630.44,823.43,1640.73,823.13,29.43,12.48,ok,3
18,0.070833,1,0.5020,1630.70,823.04,1642.69,823.26,29.59,14.07,ok,4
19,0.075000,1,0.3619,1630.95,823.01,1644.61,823.70,30.63,15.68,ok,2
20,0.079167,1,0.6886,1631.44,823.14,1646.78,824.30,30.75,17.32,ok,2
21,0.083333,1,0.3134,1631.37,822.83,1648.33,824.35,30.36,18.96,ok,4
22,0.087500,1,0.3726,1631.67,822.91,1650.25,824.77,29.68,20.60,ok,2
23,0.091667,0,,,,,,,22.07,rejected-jump,4
24,0.095833,1,0.5588,1631.96,822.97,1653.31,825.22,30.13,23.41,ok,3
25,0.100000,1,0.5477,1632.26,823.10,1654.77,825.43,30.50,24.59,ok,5
26,0.104167,1,0.5212,1632.16,823.23,1655.73,825.58,30.58,25.67,ok,4
27,0.108333,1,0.3977,1632.33,822.98,1656.79,825.29,30.14,26.63,ok,4
28,0.112500,1,0.2778,1632.65,822.83,1657.83,824.99,29.94,27.41,ok,4
29,0.116667,0,,,,,,,28.04,rejected-jump,3
30,0.120833,0,,,,,,,28.63,rejected-size,2
31,0.125000,0,,,,,,,29.07,rejected-size,3
32,0.129167,1,0.3085,1632.78,823.47,1659.66,823.99,30.12,29.41,ok,3
33,0.133333,1,0.4625,1633.04,823.63,1660.00,823.65,29.91,29.61,ok,6
34,0.137500,1,0.4707,1632.95,823.55,1659.79,823.04,30.05,29.63,ok,5
35,0.141667,1,0.4653,1632.83,823.68,1659.40,822.66,28.68,29.50,ok,4
36,0.145833,1,0.3375,1632.86,823.68,1659.11,822.17,29.51,29.28,ok,4
37,0.150000,1,0.2782,1633.09,823.53,1658.87,821.51,30.11,28.96,ok,5
38,0.154167,1,0.4910,1633.07,823.67,1658.37,821.13,30.13,28.65,ok,4
39,0.158333,1,0.4459,1632.86,823.33,1657.62,820.31,30.67,28.27,ok,4
40,0.162500,1,0.5599,1632.71,823.54,1656.96,820.05,30.29,27.89,ok,6
41,0.166667,1,0.5524,1632.27,823.49,1656.00,819.59,30.41,27.51,ok,3
42,0.170833,1,0.4756,1632.01,823.38,1655.18,819.14,30.71,27.08,ok,4
43,0.175000,1,0.2913,1632.07,823.33,1654.73,818.70,30.59,26.70,ok,5
44,0.179167,0,,,,,,,26.36,rejected-jump,2
45,0.183333,1,0.2621,1632.23,823.14,1653.96,817.80,30.30,26.04,ok,5
46,0.187500,0,,,,,,,25.72,rejected-jump,3
47,0.191667,0,,,,,,,25.41,rejected-size,3
48,0.195833,0,,,,,,,25.13,rejected-size,2
49,0.200000,0,,,,,,,24.96,rejected-size,2
50,0.204167,0,,,,,,,24.80,rejected-size,2
51,0.208333,0,,,,,,,24.73,rejected-size,2
52,0.212500,0,,,,,,,24.68,rejected-size,2
53,0.216667,0,,,,,,,24.68,rejected-size,4
54,0.220833,0,,,,,,,24.70,rejected-size,1
55,0.225000,0,,,,,,,24.66,rejected-size,3
56,0.229167,0,,,,,,,24.62,rejected-size,2
57,0.233333,0,,,,,,,24.62,rejected-size,2
58,0.237500,1,0.3715,1631.77,823.69,1649.36,814.12,30.04,24.64,ok,3
59,0.241667,1,0.3827,1631.94,823.64,1649.22,813.73,30.28,24.64,ok,5
60,0.245833,1,0.2819,1631.95,823.49,1648.92,813.26,30.45,24.64,ok,3
61,0.250000,0,,,,,,,24.60,rejected-jump,4
62,0.254167,1,0.2890,1631.55,823.43,1647.88,812.70,30.68,24.56,ok,6
63,0.258333,1,0.4774,1631.60,823.41,1647.60,812.43,30.65,24.51,ok,6
64,0.262500,1,0.6189,1631.64,823.37,1647.30,812.14,30.58,24.46,ok,6
65,0.266667,1,0.5372,1631.62,823.39,1646.95,811.88,30.62,24.42,ok,7
66,0.270833,1,0.4333,1631.45,823.12,1646.45,811.32,30.49,24.40,ok,5
67,0.275000,1,0.6430,1631.37,822.98,1645.98,810.93,30.71,24.32,ok,8
68,0.279167,1,0.6684,1631.45,823.19,1645.63,810.88,30.56,24.22,ok,6
69,0.283333,1,0.5446,1631.12,823.65,1644.83,811.16,30.03,24.03,ok,6
70,0.287500,1,0.3575,1630.96,823.47,1644.12,810.83,29.78,23.78,ok,4
71,0.291667,0,,,,,,,23.53,rejected-jump,4
72,0.295833,0,,,,,,,23.31,rejected-jump,1
73,0.300000,0,,,,,,,23.14,rejected-size,3
74,0.304167,0,,,,,,,22.98,rejected-jump,2
75,0.308333,0,,,,,,,22.90,rejected-size,5
76,0.312500,0,,,,,,,22.86,rejected-jump,1
77,0.316667,0,,,,,,,22.87,rejected-size,3
78,0.320833,0,,,,,,,22.89,rejected-size,2
79,0.325000,0,,,,,,,22.91,rejected-size,4
80,0.329167,1,0.2642,1630.22,823.50,1637.70,807.76,30.15,22.97,ok,5
81,0.333333,0,,,,,,,22.98,rejected-jump,5
82,0.337500,0,,,,,,,23.02,rejected-size,3
83,0.341667,1,0.2601,1629.90,823.51,1635.81,806.94,28.93,23.10,ok,4
84,0.345833,1,0.3481,1629.61,823.48,1635.07,806.62,29.21,23.22,ok,4
85,0.350000,1,0.2842,1629.53,823.57,1634.56,806.38,29.35,23.39,ok,5
86,0.354167,1,0.3086,1629.87,823.82,1634.48,806.28,29.04,23.60,ok,3
87,0.358333,1,0.3606,1629.95,824.26,1634.17,806.23,28.93,23.93,ok,5
88,0.362500,1,0.4103,1629.52,824.28,1633.31,805.79,28.69,24.27,ok,8
89,0.366667,0,,,,,,,24.60,rejected-jump,8
90,0.370833,0,,,,,,,24.95,rejected-size,3
91,0.375000,1,0.5447,1629.43,823.63,1631.70,803.75,30.22,25.30,ok,5
92,0.379167,1,0.6788,1629.33,823.38,1631.10,803.10,30.28,25.62,ok,5
93,0.383333,1,0.4806,1629.42,823.55,1630.76,802.93,30.16,25.89,ok,3
94,0.387500,1,0.3907,1629.34,823.44,1630.28,802.50,30.23,26.17,ok,3
95,0.391667,0,,,,,,,26.37,rejected-jump,2
96,0.395833,0,,,,,,,26.56,rejected-size,2
97,0.400000,0,,,,,,,26.59,rejected-size,3
98,0.404167,0,,,,,,,26.54,rejected-size,3
99,0.408333,0,,,,,,,26.32,rejected-size,4
100,0.412500,1,0.2679,1628.97,823.43,1628.46,802.66,30.11,25.93,ok,4
101,0.416667,1,0.3816,1629.03,823.36,1628.39,803.07,30.14,25.47,ok,3
102,0.420833,1,0.2661,1629.06,822.94,1628.31,803.16,30.39,24.98,ok,3
103,0.425000,0,,,,,,,24.43,rejected-jump,3
104,0.429167,0,,,,,,,23.89,rejected-size,4
105,0.433333,1,0.3225,1629.02,823.31,1628.26,805.22,29.88,23.30,ok,6
106,0.437500,1,0.5474,1629.02,823.39,1628.27,805.85,29.42,22.74,ok,5
107,0.441667,1,0.5487,1629.61,823.68,1628.78,806.59,28.16,22.26,ok,5
108,0.445833,1,0.4950,1629.88,823.75,1629.01,807.03,28.45,21.88,ok,3
109,0.450000,1,0.4190,1628.97,823.63,1627.94,807.19,29.20,21.54,ok,4
110,0.454167,1,0.3209,1628.92,823.45,1627.83,807.24,29.51,21.29,ok,5
111,0.458333,1,0.3408,1628.82,823.37,1627.64,807.21,29.68,21.24,ok,6
112,0.462500,1,0.4044,1628.85,823.34,1627.45,807.20,29.77,21.18,ok,5
113,0.466667,1,0.4525,1628.90,823.51,1627.25,807.27,29.54,21.23,ok,5
114,0.470833,1,0.4030,1628.96,823.59,1627.04,807.08,29.51,21.44,ok,6
115,0.475000,1,0.5632,1629.05,823.55,1626.86,806.65,29.32,21.75,ok,6
116,0.479167,1,0.4920,1629.14,823.62,1626.69,806.33,29.24,22.07,ok,5
117,0.483333,1,0.3633,1629.31,823.64,1626.55,805.90,29.34,22.43,ok,5
118,0.487500,1,0.5240,1629.26,823.56,1626.22,805.37,29.97,22.81,ok,6
119,0.491667,1,0.6231,1629.23,823.53,1625.90,804.78,30.30,23.26,ok,8
120,0.495833,1,0.5700,1629.21,823.61,1625.65,804.30,30.38,23.74,ok,7
121,0.500000,1,0.4353,1629.29,823.91,1625.46,804.17,29.53,24.14,ok,7
122,0.504167,1,0.5243,1628.78,823.73,1624.66,803.61,29.36,24.50,ok,5
123,0.508333,1,0.6010,1628.59,823.52,1624.19,803.12,29.85,24.76,ok,6
124,0.512500,1,0.6686,1628.49,823.64,1623.82,803.00,29.86,24.98,ok,9
125,0.516667,1,0.6670,1628.42,823.51,1623.49,802.66,30.11,25.16,ok,9
126,0.520833,1,0.6494,1628.43,823.41,1623.28,802.33,30.36,25.35,ok,7
127,0.525000,1,0.6222,1628.56,823.40,1623.19,802.12,30.25,25.52,ok,6
128,0.529167,1,0.6116,1628.76,823.36,1623.11,801.89,30.10,25.69,ok,7
129,0.533333,1,0.4775,1628.69,823.33,1622.74,801.59,30.13,25.92,ok,7
130,0.537917,1,0.5073,1628.52,823.23,1622.22,801.21,30.11,26.15,ok,4
131,0.542083,1,0.5638,1628.39,823.30,1621.71,801.09,30.20,26.32,ok,6
132,0.546250,1,0.4625,1628.35,823.34,1621.29,800.99,30.11,26.47,ok,4
133,0.550417,0,,,,,,,26.62,rejected-jump,2
134,0.554583,0,,,,,,,26.81,rejected-jump,2
135,0.558750,0,,,,,,,27.02,rejected-size,4
136,0.562917,0,,,,,,,27.28,rejected-jump,1
137,0.567083,0,,,,,,,27.55,rejected-jump,3
138,0.571250,0,,,,,,,27.81,rejected-size,4
139,0.575417,1,0.2904,1628.33,823.43,1618.30,799.72,29.62,28.09,ok,5
140,0.579583,1,0.4389,1628.28,823.48,1617.84,799.55,29.68,28.37,ok,4
141,0.583750,1,0.3187,1628.00,823.65,1617.21,799.54,29.59,28.60,ok,4
142,0.587917,0,,,,,,,28.82,rejected-jump,3
143,0.592083,0,,,,,,,28.99,rejected-size,2
144,0.596250,0,,,,,,,29.14,rejected-size,2
145,0.600417,1,0.2811,1627.93,823.49,1615.92,799.00,29.91,29.20,ok,3
146,0.604583,1,0.3307,1627.84,823.82,1615.61,799.32,29.26,29.25,ok,3
147,0.608750,1,0.3310,1627.84,823.86,1615.45,799.35,29.23,29.28,ok,3
148,0.612917,1,0.2791,1627.87,823.46,1615.34,798.94,29.92,29.31,ok,3
149,0.617083,1,0.3374,1627.79,823.45,1615.12,798.97,30.34,29.29,ok,3
150,0.621250,1,0.3236,1627.82,823.61,1615.00,799.14,30.23,29.30,ok,3
151,0.625417,1,0.3133,1627.83,823.69,1614.86,799.26,30.26,29.30,ok,4
152,0.629583,1,0.2638,1627.80,823.66,1614.67,799.26,29.63,29.30,ok,3
153,0.633750,1,0.2684,1627.87,823.66,1614.60,799.30,29.65,29.30,ok,3
154,0.637917,1,0.2505,1627.98,821.79,1614.62,797.44,32.25,29.31,ok,3
155,0.642083,1,0.2579,1628.03,821.35,1614.54,797.04,32.69,29.31,ok,2
156,0.646250,0,,,,,,,29.32,rejected-jump,1
157,0.650417,0,,,,,,,29.28,rejected-jump,2
158,0.654583,0,,,,,,,29.24,rejected-jump,2
159,0.658750,0,,,,,,,29.13,rejected-jump,1
160,0.662917,0,,,,,,,28.88,rejected-jump,1
161,0.667083,0,,,,,,,28.57,rejected-size,2
162,0.671250,0,,,,,,,28.25,rejected-size,2
163,0.675417,0,,,,,,,27.83,rejected-size,2
164,0.679583,0,,,,,,,27.41,rejected-size,3
165,0.683750,1,0.3262,1628.18,823.58,1616.66,801.23,29.72,26.93,ok,9
166,0.687917,1,0.3419,1627.90,823.31,1616.87,801.36,29.94,26.42,ok,7
167,0.692083,0,,,,,,,25.90,rejected-jump,5
168,0.696250,1,0.2602,1628.22,823.57,1618.17,802.49,29.90,25.38,ok,4
169,0.700417,0,,,,,,,24.89,rejected-jump,4
170,0.704583,1,0.4406,1628.19,823.51,1619.07,803.23,29.89,24.41,ok,5
171,0.708750,1,0.2670,1628.35,823.25,1619.73,803.37,30.55,23.96,ok,6
172,0.712917,1,0.2662,1628.31,823.13,1620.08,803.62,30.44,23.53,ok,3
173,0.717083,1,0.4987,1628.51,823.33,1620.64,804.16,30.33,23.14,ok,4
174,0.721250,1,0.5292,1628.52,823.41,1621.04,804.57,30.32,22.77,ok,5
175,0.725417,1,0.5452,1628.64,823.44,1621.49,804.93,30.31,22.43,ok,4
176,0.729583,1,0.4173,1628.96,823.45,1622.11,805.24,30.09,22.10,ok,4
177,0.733750,1,0.4038,1628.84,823.32,1622.18,805.31,30.12,21.89,ok,5
178,0.737917,1,0.3468,1628.65,823.24,1622.15,805.38,30.24,21.72,ok,4
179,0.742083,1,0.3566,1628.68,823.15,1622.25,805.43,30.41,21.61,ok,4
180,0.746250,1,0.3875,1628.73,823.22,1622.34,805.58,30.43,21.56,ok,4
181,0.750417,1,0.3916,1628.69,823.10,1622.25,805.43,30.41,21.61,ok,5
182,0.754583,1,0.4214,1628.67,823.07,1622.18,805.36,30.30,21.70,ok,5
183,0.758750,1,0.3307,1628.72,823.18,1622.03,805.29,30.30,21.94,ok,3
184,0.762917,0,,,,,,,22.19,rejected-jump,3
185,0.767083,1,0.2762,1628.85,823.36,1621.72,804.99,30.54,22.49,ok,5
186,0.771250,1,0.4646,1628.82,823.42,1621.44,804.78,30.53,22.80,ok,4
187,0.775417,1,0.3947,1628.59,823.33,1620.88,804.43,30.43,23.11,ok,4
188,0.779583,1,0.3636,1628.37,823.32,1620.30,804.18,30.51,23.41,ok,5
189,0.783750,0,,,,,,,23.63,rejected-jump,3
190,0.787917,0,,,,,,,23.86,rejected-size,2
191,0.792083,0,,,,,,,24.04,rejected-size,3
192,0.796250,1,0.3929,1628.31,823.56,1618.64,803.85,29.99,24.22,ok,4
193,0.800417,1,0.4736,1628.48,823.57,1618.42,803.87,29.99,24.30,ok,5
194,0.804583,1,0.5465,1628.52,823.69,1618.07,804.00,30.08,24.38,ok,5
195,0.808750,1,0.5373,1628.29,823.80,1617.43,804.24,30.58,24.34,ok,5
196,0.812917,1,0.4891,1628.19,823.88,1616.97,804.48,30.08,24.30,ok,5
197,0.817083,1,0.3688,1628.10,823.66,1616.45,804.47,30.45,24.23,ok,7
198,0.821250,0,,,,,,,24.16,rejected-jump,5
199,0.825417,0,,,,,,,24.16,rejected-size,5
200,0.829583,0,,,,,,,24.14,rejected-size,4
201,0.833750,1,0.3622,1628.09,823.52,1614.51,805.38,30.53,23.99,ok,5
202,0.837917,1,0.5892,1627.79,823.71,1613.76,805.97,30.11,23.82,ok,3
203,0.842083,1,0.4759,1628.52,824.11,1614.10,806.77,27.47,23.66,ok,4
204,0.846250,1,0.3489,1628.58,823.85,1613.80,806.88,28.58,23.52,ok,3
205,0.850417,1,0.2612,1628.27,823.82,1613.15,807.14,28.88,23.45,ok,3
206,0.854583,0,,,,,,,23.38,rejected-jump,2
207,0.858750,0,,,,,,,23.21,rejected-jump,1
208,0.862917,0,,,,,,,23.01,rejected-jump,1
209,0.867083,0,,,,,,,22.84,rejected-size,2
210,0.871250,0,,,,,,,22.70,rejected-jump,2
211,0.875417,0,,,,,,,22.61,rejected-jump,3
212,0.879583,0,,,,,,,22.53,rejected-size,1
213,0.883750,0,,,,,,,22.40,rejected-size,5
214,0.887917,1,0.2709,1627.39,823.72,1610.38,810.00,28.70,22.26,ok,5
215,0.892083,1,0.3934,1627.26,823.60,1610.19,810.17,28.93,22.12,ok,5
216,0.896250,1,0.4539,1627.40,823.22,1610.27,810.08,29.44,21.98,ok,4
217,0.900417,1,0.3500,1627.48,823.17,1610.34,810.26,29.44,21.87,ok,3
218,0.904583,1,0.2940,1627.50,823.10,1610.36,810.33,29.62,21.81,ok,3
219,0.908750,1,0.3246,1627.54,823.21,1610.46,810.61,29.81,21.70,ok,3
220,0.912917,1,0.3413,1627.51,823.28,1610.51,810.85,29.97,21.56,ok,3
221,0.917083,1,0.3794,1627.47,823.18,1610.65,810.92,29.81,21.39,ok,6
222,0.921250,1,0.4105,1627.27,823.27,1610.65,811.15,29.27,21.19,ok,5
223,0.925417,1,0.2760,1627.27,823.23,1610.86,811.26,29.55,21.00,ok,5
224,0.929583,0,,,,,,,20.81,rejected-jump,3
225,0.933750,1,0.3434,1627.25,823.06,1611.24,811.41,29.77,20.62,ok,4
226,0.937917,1,0.3613,1627.37,823.00,1611.57,811.51,29.99,20.43,ok,4
227,0.942083,1,0.3611,1627.71,823.04,1612.11,811.66,30.26,20.25,ok,3
228,0.946250,1,0.3898,1627.91,823.18,1612.52,811.91,30.45,20.07,ok,2
229,0.950417,1,0.4629,1627.91,823.15,1612.80,811.96,30.56,19.86,ok,3
230,0.954583,1,0.4449,1627.89,823.35,1613.06,812.25,30.12,19.64,ok,6
231,0.958750,1,0.3597,1627.92,823.38,1613.35,812.38,29.94,19.42,ok,5
232,0.962917,1,0.4304,1628.01,823.39,1613.69,812.49,29.90,19.20,ok,3
233,0.967083,1,0.3858,1628.24,823.60,1614.14,812.83,30.10,18.97,ok,3
234,0.971250,1,0.3400,1628.47,823.75,1614.57,813.13,30.22,18.73,ok,3
235,0.975417,1,0.2724,1628.46,823.78,1614.75,813.31,30.10,18.50,ok,4
236,0.979583,0,,,,,,,18.28,rejected-jump,3
237,0.983750,0,,,,,,,18.04,rejected-size,3
238,0.987917,1,0.2570,1628.21,823.37,1615.00,813.41,29.95,17.79,ok,4
239,0.992083,1,0.3023,1628.19,823.22,1615.16,813.43,30.00,17.54,ok,7
240,0.996250,0,,,,,,,17.30,rejected-jump,6
241,1.000417,1,0.4269,1628.16,823.40,1615.42,813.92,29.66,17.09,ok,7
242,1.004583,1,0.4684,1628.09,823.46,1615.48,814.12,29.60,16.89,ok,7
243,1.008750,1,0.5467,1628.16,823.49,1615.55,814.21,29.54,16.82,ok,8
244,1.012917,1,0.5560,1628.20,823.48,1615.58,814.25,29.53,16.76,ok,8
245,1.017083,1,0.3923,1628.23,823.32,1615.55,814.14,29.59,16.73,ok,7
246,1.021250,1,0.3460,1628.25,823.31,1615.52,814.13,29.51,16.73,ok,6
247,1.025417,1,0.2970,1628.28,823.15,1615.49,813.99,29.65,16.73,ok,6
248,1.029583,1,0.2689,1628.27,823.03,1615.42,813.88,29.72,16.73,ok,6
249,1.033750,0,,,,,,,16.79,rejected-jump,5
250,1.037917,0,,,,,,,16.84,rejected-size,6
251,1.042083,0,,,,,,,16.99,rejected-size,7
252,1.046250,1,0.2928,1628.17,823.26,1615.15,813.67,29.84,17.14,ok,7
253,1.050417,0,,,,,,,17.25,rejected-jump,6
254,1.054583,0,,,,,,,17.37,rejected-size,6
255,1.058750,0,,,,,,,17.34,rejected-size,6
256,1.062917,0,,,,,,,17.32,rejected-size,6
257,1.067083,0,,,,,,,17.26,rejected-size,6
258,1.071250,1,0.2999,1628.03,823.97,1615.47,813.99,29.47,17.22,ok,7
259,1.075417,1,0.3417,1628.19,824.13,1615.88,813.98,29.39,17.24,ok,7
260,1.079583,1,0.4221,1628.28,824.22,1616.23,813.88,29.39,17.28,ok,7
261,1.083750,1,0.2604,1628.17,823.87,1616.31,813.38,29.61,17.33,ok,7
262,1.087917,1,0.3178,1628.05,823.75,1616.40,813.11,29.84,17.39,ok,8
263,1.092083,1,0.3343,1628.04,823.73,1616.56,812.90,29.65,17.50,ok,8
264,1.096250,1,0.3845,1628.19,823.76,1616.88,812.73,29.47,17.63,ok,7
265,1.100417,1,0.4157,1628.27,823.77,1617.08,812.54,29.70,17.76,ok,7
266,1.104583,1,0.4125,1628.58,824.06,1617.48,812.62,29.46,17.90,ok,6
267,1.108750,1,0.4557,1628.63,824.15,1617.59,812.49,29.52,18.07,ok,6
268,1.112917,1,0.4008,1628.69,824.17,1617.70,812.28,29.32,18.24,ok,4
269,1.117083,1,0.5795,1628.54,824.13,1617.51,811.95,29.42,18.50,ok,5
270,1.121250,1,0.4823,1628.28,824.01,1617.19,811.54,29.35,18.77,ok,5
271,1.125417,1,0.4512,1628.23,824.02,1616.96,811.20,29.24,19.11,ok,4
272,1.129583,1,0.3797,1628.19,823.90,1616.75,810.75,28.86,19.46,ok,4
273,1.133750,0,,,,,,,19.86,rejected-jump,3
274,1.137917,1,0.2558,1628.16,823.81,1616.18,809.95,29.39,20.28,ok,3
275,1.142083,1,0.3860,1628.28,823.83,1615.97,809.62,29.63,20.71,ok,5
276,1.146250,1,0.5240,1628.29,823.93,1615.64,809.36,29.84,21.14,ok,4
277,1.150417,1,0.5337,1628.32,823.98,1615.30,809.07,29.83,21.57,ok,4
278,1.154583,1,0.4803,1628.17,823.96,1614.75,808.72,29.67,22.00,ok,3
279,1.158750,1,0.6292,1628.36,823.99,1614.61,808.50,29.92,22.35,ok,4
280,1.162917,1,0.5956,1628.42,823.97,1614.35,808.23,29.70,22.69,ok,4
281,1.167083,1,0.4775,1628.38,823.91,1614.04,808.01,29.51,22.96,ok,5
282,1.171250,1,0.3997,1628.14,823.86,1613.50,807.81,29.33,23.21,ok,4
283,1.175417,1,0.3353,1628.09,823.90,1613.18,807.82,29.50,23.36,ok,4
284,1.179583,1,0.3202,1628.11,823.95,1612.93,807.83,29.58,23.52,ok,2
285,1.183750,0,,,,,,,23.62,rejected-jump,1
286,1.187917,0,,,,,,,23.70,rejected-jump,1
287,1.192083,0,,,,,,,23.78,rejected-jump,1
288,1.196250,0,,,,,,,23.81,rejected-jump,1
289,1.200417,1,0.2672,1627.89,823.99,1612.22,807.71,29.86,23.82,ok,2
290,1.204583,1,0.2767,1627.87,824.01,1612.25,807.69,29.85,23.82,ok,2
291,1.208750,1,0.2517,1627.92,824.04,1612.47,807.65,29.59,23.74,ok,2
292,1.212917,1,0.3140,1628.09,824.02,1612.87,807.56,29.49,23.65,ok,2
293,1.217083,1,0.3485,1628.23,823.93,1613.33,807.36,29.36,23.55,ok,3
294,1.221250,1,0.2983,1628.27,823.89,1613.69,807.22,29.24,23.46,ok,3
295,1.225417,1,0.3823,1628.37,824.10,1614.21,807.30,29.40,23.36,ok,3
296,1.229583,1,0.4545,1628.39,824.01,1614.63,807.10,29.62,23.25,ok,2
297,1.233750,1,0.5082,1628.23,824.13,1614.93,807.09,29.62,23.11,ok,3
298,1.237917,1,0.5960,1628.17,824.15,1615.37,806.98,29.46,22.96,ok,4
299,1.242083,1,0.6290,1628.36,823.81,1616.12,806.52,29.56,22.79,ok,4
300,1.246250,1,0.5372,1628.34,824.44,1616.70,807.01,28.72,22.62,ok,4
301,1.250417,1,0.3169,1628.53,825.03,1617.48,807.42,28.12,22.50,ok,4
302,1.254583,1,0.3645,1628.66,824.24,1618.23,806.45,28.87,22.40,ok,3
303,1.258750,1,0.4890,1628.52,824.49,1618.68,806.55,28.17,22.32,ok,4
304,1.262917,1,0.6386,1628.76,824.26,1619.45,806.19,28.49,22.25,ok,5
305,1.267083,1,0.4831,1628.42,824.40,1619.63,806.19,27.91,22.21,ok,4
306,1.271250,1,0.4139,1628.67,824.36,1620.39,806.02,28.77,22.17,ok,3
307,1.275417,1,0.3319,1628.92,824.20,1621.05,805.75,29.55,22.17,ok,4
308,1.279583,1,0.3801,1629.05,824.02,1621.55,805.47,30.18,22.16,ok,3
309,1.283750,1,0.4167,1628.94,823.93,1621.72,805.34,30.07,22.14,ok,3
310,1.287917,1,0.3520,1629.02,823.91,1622.06,805.29,30.08,22.11,ok,3
311,1.292083,1,0.3242,1629.08,823.91,1622.32,805.26,30.08,22.09,ok,4
312,1.296250,1,0.3834,1629.04,823.95,1622.47,805.27,29.98,22.07,ok,3
313,1.300417,1,0.4873,1629.09,824.02,1622.64,805.26,29.96,22.08,ok,3
314,1.304583,1,0.4849,1629.16,824.06,1622.76,805.27,30.03,22.09,ok,3
315,1.308750,1,0.4437,1629.14,824.13,1622.76,805.28,30.02,22.12,ok,3
316,1.312917,1,0.4225,1629.15,824.15,1622.79,805.24,30.02,22.14,ok,3
317,1.317083,1,0.4142,1629.10,824.01,1622.65,804.97,30.23,22.25,ok,3
318,1.321250,1,0.4733,1629.08,823.83,1622.53,804.61,30.48,22.38,ok,4
319,1.325417,1,0.5143,1628.97,823.99,1622.24,804.61,30.56,22.50,ok,4
320,1.329583,1,0.5925,1628.82,824.22,1621.92,804.67,30.55,22.64,ok,3
321,1.333750,1,0.5776,1628.89,824.20,1621.71,804.42,30.56,22.83,ok,3
322,1.337917,1,0.5055,1628.94,824.05,1621.49,804.04,30.48,23.04,ok,3
323,1.342083,1,0.4446,1628.92,823.99,1621.10,803.77,30.36,23.24,ok,5
324,1.346250,1,0.4150,1628.69,824.06,1620.49,803.64,29.84,23.44,ok,5
325,1.350417,1,0.3945,1628.50,824.44,1619.86,803.78,29.36,23.67,ok,4
326,1.354583,1,0.5183,1628.52,823.81,1619.40,802.91,30.20,23.91,ok,4
327,1.358750,0,,,,,,,24.18,rejected-jump,3
328,1.362917,0,,,,,,,24.46,rejected-size,3
329,1.367083,0,,,,,,,24.76,rejected-size,4
330,1.371250,0,,,,,,,25.06,rejected-size,4
331,1.375417,0,,,,,,,25.40,rejected-size,5
332,1.379583,0,,,,,,,25.72,rejected-size,6
333,1.383750,0,,,,,,,26.07,rejected-size,5
334,1.387917,0,,,,,,,26.43,rejected-size,5
335,1.392083,0,,,,,,,26.79,rejected-size,4
336,1.396250,0,,,,,,,27.13,rejected-size,3
337,1.400417,0,,,,,,,27.50,rejected-size,2
338,1.404583,0,,,,,,,27.87,rejected-size,1
339,1.408750,0,,,,,,,28.27,rejected-size,3
340,1.412917,0,,,,,,,28.65,rejected-size,1
341,1.417083,0,,,,,,,29.04,rejected-size,1
342,1.421250,0,,,,,,,29.43,rejected-size,1
343,1.425417,1,0.2908,1627.78,824.77,1611.58,798.77,27.58,29.80,ok,3
344,1.429583,0,,,,,,,30.18,rejected-jump,1
345,1.433750,0,,,,,,,30.61,rejected-size,2
346,1.437917,0,,,,,,,31.00,rejected-jump,1
347,1.442083,0,,,,,,,31.30,rejected-size,2
348,1.446250,0,,,,,,,31.59,rejected-size,2
349,1.450417,0,,,,,,,31.88,rejected-size,3
350,1.454583,1,0.3481,1627.98,824.29,1610.13,796.28,29.42,32.16,ok,4
351,1.458750,1,0.3545,1628.04,824.49,1610.06,796.24,29.41,32.44,ok,4
352,1.462917,1,0.3045,1627.97,824.78,1609.85,796.30,29.37,32.69,ok,3
353,1.467083,1,0.2766,1627.89,824.79,1609.69,796.13,29.40,32.89,ok,3
354,1.471250,0,,,,,,,33.09,rejected-jump,2
355,1.475417,0,,,,,,,33.17,rejected-size,2
356,1.479583,0,,,,,,,33.22,rejected-size,2
357,1.483750,0,,,,,,,33.27,rejected-size,2
358,1.487917,0,,,,,,,33.33,rejected-jump,1
359,1.492083,0,,,,,,,33.38,rejected-size,2
360,1.496250,0,,,,,,,33.46,rejected-size,2
361,1.500417,0,,,,,,,33.51,rejected-size,2
362,1.504583,0,,,,,,,33.57,rejected-size,2
363,1.508750,1,0.3201,1627.22,824.41,1607.68,795.60,29.82,33.63,ok,3
364,1.512917,1,0.5016,1627.20,824.53,1607.45,795.75,29.78,33.69,ok,4
365,1.517083,1,0.4920,1627.25,824.43,1607.32,795.67,29.80,33.75,ok,3
366,1.521250,1,0.4626,1627.28,824.46,1607.16,795.72,29.76,33.82,ok,3
367,1.525417,1,0.4163,1627.37,824.48,1607.11,795.85,29.59,33.78,ok,3
368,1.529583,1,0.3079,1627.45,824.32,1607.05,795.82,29.49,33.74,ok,2
369,1.533750,1,0.2834,1627.57,824.30,1607.04,795.95,29.50,33.65,ok,3
370,1.537917,1,0.2580,1627.62,824.22,1607.00,796.03,29.48,33.56,ok,3
371,1.542083,1,0.3399,1627.62,824.31,1606.92,796.27,29.44,33.46,ok,3
372,1.546250,1,0.3592,1627.62,824.41,1606.85,796.52,29.37,33.36,ok,3
373,1.550417,1,0.2981,1627.71,824.31,1606.92,796.60,29.60,33.21,ok,3
374,1.554583,0,,,,,,,33.06,rejected-jump,2
375,1.558750,0,,,,,,,32.88,rejected-size,2
376,1.562917,0,,,,,,,32.70,rejected-size,2
377,1.567083,0,,,,,,,32.54,rejected-size,2
378,1.571250,0,,,,,,,32.37,rejected-size,2
379,1.575417,0,,,,,,,32.21,rejected-size,5
380,1.579583,0,,,,,,,32.08,rejected-size,6
381,1.583750,1,0.2766,1627.53,824.12,1606.83,797.88,29.74,31.99,ok,8
382,1.587917,1,0.3517,1627.60,824.10,1606.85,798.01,29.69,31.90,ok,7
383,1.592083,1,0.3513,1627.61,824.02,1606.80,798.00,29.71,31.88,ok,7
384,1.596250,1,0.3997,1627.63,824.24,1606.77,798.29,29.52,31.87,ok,6
385,1.600417,1,0.2873,1627.42,823.77,1606.46,797.81,30.10,31.95,ok,7
386,1.604583,1,0.3640,1627.43,824.08,1606.38,798.12,29.72,32.03,ok,9
387,1.608750,1,0.3317,1627.45,824.28,1606.24,798.31,29.47,32.16,ok,9
388,1.613333,1,0.2903,1627.32,824.36,1605.95,798.38,29.00,32.30,ok,8
389,1.617500,1,0.2625,1627.32,824.32,1605.79,798.28,29.19,32.45,ok,7
390,1.621667,1,0.2586,1627.27,824.21,1605.58,798.12,29.49,32.60,ok,8
391,1.625833,1,0.2605,1627.17,824.26,1605.34,798.10,29.32,32.74,ok,7
392,1.630000,1,0.3562,1627.30,824.29,1605.39,798.05,29.30,32.86,ok,5
393,1.634167,1,0.3351,1627.31,824.25,1605.32,798.00,29.41,32.93,ok,6
394,1.638333,1,0.3168,1627.32,824.17,1605.27,797.92,29.44,32.95,ok,5
395,1.642500,1,0.2903,1627.33,824.18,1605.21,798.03,29.41,32.90,ok,8
396,1.646667,0,,,,,,,32.84,rejected-jump,6
397,1.650833,0,,,,,,,32.84,rejected-size,5
398,1.655000,0,,,,,,,32.84,rejected-size,5
399,1.659167,0,,,,,,,32.84,rejected-size,6
400,1.663333,0,,,,,,,32.85,rejected-size,6
401,1.667500,0,,,,,,,32.88,rejected-size,6
402,1.671667,0,,,,,,,32.92,rejected-size,6
403,1.675833,0,,,,,,,32.97,rejected-size,3
404,1.680000,0,,,,,,,33.02,rejected-size,3
405,1.684167,0,,,,,,,33.10,rejected-size,3
406,1.688333,1,0.3411,1626.97,824.20,1604.02,798.34,28.98,33.18,ok,4
407,1.692500,1,0.3458,1626.94,824.22,1603.82,798.42,29.00,33.25,ok,5
408,1.696667,1,0.4060,1626.99,824.19,1603.71,798.46,29.17,33.31,ok,6
409,1.700833,1,0.3451,1626.99,824.18,1603.60,798.56,29.08,33.32,ok,7
410,1.705000,1,0.3592,1627.07,824.18,1603.62,798.64,29.08,33.29,ok,7
411,1.709167,1,0.2917,1627.12,824.21,1603.59,798.77,29.06,33.28,ok,7
412,1.713333,1,0.3472,1627.16,824.18,1603.57,798.83,29.15,33.28,ok,6
413,1.717500,1,0.3358,1627.19,824.33,1603.52,799.12,29.31,33.26,ok,6
414,1.721667,1,0.3994,1627.10,824.26,1603.40,799.12,29.24,33.25,ok,6
415,1.725833,1,0.3822,1627.13,824.32,1603.38,799.28,29.30,33.24,ok,6
416,1.730000,1,0.4093,1627.09,824.37,1603.31,799.41,29.32,33.23,ok,5
417,1.734167,1,0.2825,1627.14,824.33,1603.31,799.51,29.27,33.18,ok,5
418,1.738333,1,0.2729,1627.21,824.29,1603.33,799.62,29.21,33.13,ok,6
419,1.742500,1,0.3140,1627.29,824.23,1603.36,799.70,29.19,33.07,ok,6
420,1.746667,1,0.3165,1627.40,824.08,1603.43,799.68,29.35,33.02,ok,7
421,1.750833,1,0.2968,1627.38,824.05,1603.46,799.77,29.42,32.91,ok,7
422,1.755000,1,0.2759,1627.35,823.98,1603.46,799.86,29.50,32.77,ok,7
423,1.759167,0,,,,,,,32.61,rejected-jump,5
424,1.763333,0,,,,,,,32.46,rejected-size,5
425,1.767500,0,,,,,,,32.31,rejected-size,6
426,1.771667,0,,,,,,,32.16,rejected-size,6
427,1.775833,0,,,,,,,32.07,rejected-size,4
428,1.780000,0,,,,,,,31.98,rejected-size,3
429,1.784167,0,,,,,,,31.88,rejected-size,1
430,1.788333,0,,,,,,,31.79,rejected-size,2
431,1.792500,0,,,,,,,31.68,rejected-size,1
432,1.796667,0,,,,,,,31.59,rejected-size,1
433,1.800833,0,,,,,,,31.47,rejected-size,3
434,1.805000,0,,,,,,,31.36,rejected-size,4
435,1.809167,0,,,,,,,31.24,rejected-size,3
436,1.813333,0,,,,,,,31.12,rejected-size,5
437,1.817500,0,,,,,,,30.90,rejected-size,5
438,1.821667,0,,,,,,,30.66,rejected-size,5
439,1.825833,0,,,,,,,30.39,rejected-size,4
440,1.830000,0,,,,,,,30.12,rejected-size,3
441,1.834167,0,,,,,,,29.83,rejected-size,4
442,1.838333,0,,,,,,,29.53,rejected-size,3
443,1.842500,0,,,,,,,29.23,rejected-size,5
444,1.846667,0,,,,,,,28.94,rejected-size,6
445,1.850833,1,0.3779,1627.65,823.17,1606.12,802.87,30.48,28.74,ok,7
446,1.855000,1,0.4834,1627.60,823.54,1606.15,803.45,30.10,28.54,ok,8
447,1.859167,1,0.4974,1627.34,823.74,1605.96,803.82,30.22,28.39,ok,9
448,1.863333,1,0.4701,1627.26,823.92,1605.93,804.17,30.20,28.24,ok,8
449,1.867500,1,0.4288,1627.30,823.86,1605.99,804.28,30.22,28.12,ok,5
450,1.871667,1,0.3605,1627.37,823.76,1606.09,804.29,30.07,28.04,ok,7
451,1.875833,1,0.2960,1627.43,823.43,1606.20,804.09,30.31,27.90,ok,5
452,1.880000,0,,,,,,,27.79,rejected-jump,3
453,1.884167,0,,,,,,,27.67,rejected-jump,2
454,1.888333,0,,,,,,,27.56,rejected-jump,2
455,1.892500,0,,,,,,,27.46,rejected-size,3
456,1.896667,0,,,,,,,27.38,rejected-size,3
457,1.900833,0,,,,,,,27.40,rejected-size,2
458,1.905000,0,,,,,,,27.40,rejected-size,2
459,1.909167,0,,,,,,,27.43,rejected-size,2
460,1.913333,0,,,,,,,27.46,rejected-size,3
461,1.917500,0,,,,,,,27.52,rejected-size,4
462,1.921667,0,,,,,,,27.58,rejected-size,4
463,1.925833,0,,,,,,,27.59,rejected-size,4
464,1.930000,1,0.2583,1627.59,824.09,1607.15,804.49,30.14,27.59,ok,5
465,1.934167,0,,,,,,,27.53,rejected-jump,4
466,1.938333,0,,,,,,,27.45,rejected-size,3
467,1.942500,0,,,,,,,27.36,rejected-size,3
468,1.946667,0,,,,,,,27.27,rejected-size,3
469,1.950833,0,,,,,,,27.18,rejected-size,3
470,1.955000,0,,,,,,,27.15,rejected-size,3
471,1.959167,0,,,,,,,27.10,rejected-size,3
472,1.963333,1,0.2602,1627.62,824.36,1608.05,804.91,29.26,27.05,ok,4
473,1.967500,1,0.2709,1627.62,824.47,1608.03,805.06,29.24,27.04,ok,4
474,1.971667,0,,,,,,,27.03,rejected-jump,3
475,1.975833,0,,,,,,,27.08,rejected-size,3
476,1.980000,0,,,,,,,27.13,rejected-size,3
477,1.984167,1,0.2584,1627.39,824.64,1607.31,805.40,29.27,27.23,ok,4
478,1.988333,1,0.2597,1627.54,824.47,1607.23,805.28,29.56,27.34,ok,5
479,1.992500,0,,,,,,,27.49,rejected-jump,8
480,1.996667,1,0.2567,1627.58,823.73,1606.73,804.60,30.27,27.64,ok,8
481,2.000833,1,0.2893,1627.62,823.52,1606.51,804.38,30.39,27.79,ok,7
482,2.005000,1,0.3015,1627.55,823.44,1606.18,804.29,30.29,27.95,ok,7
483,2.009167,1,0.3950,1627.41,823.72,1605.82,804.53,30.16,28.11,ok,8
484,2.013333,1,0.4469,1627.35,823.91,1605.55,804.70,30.03,28.26,ok,8
485,2.017500,1,0.4045,1627.39,823.96,1605.41,804.74,29.81,28.38,ok,6
486,2.021667,1,0.4006,1627.49,823.95,1605.34,804.72,29.76,28.48,ok,7
487,2.025833,1,0.3454,1627.55,824.01,1605.36,804.79,29.81,28.50,ok,6
488,2.030000,1,0.3180,1627.68,823.93,1605.44,804.72,29.96,28.52,ok,5
489,2.034167,1,0.3072,1627.61,823.98,1605.41,804.76,29.81,28.50,ok,6
490,2.038333,1,0.3584,1627.54,823.96,1605.40,804.73,29.91,28.48,ok,6
491,2.042500,1,0.4824,1627.49,823.99,1605.52,804.74,29.96,28.40,ok,6
492,2.046667,1,0.5379,1627.39,823.95,1605.57,804.68,30.14,28.31,ok,7
493,2.050833,1,0.5095,1627.35,823.95,1605.72,804.68,30.12,28.20,ok,8
494,2.055000,1,0.4638,1627.29,823.80,1605.86,804.54,30.18,28.07,ok,9
495,2.059167,1,0.3542,1627.40,823.70,1606.17,804.43,30.29,27.95,ok,9
496,2.063333,1,0.2681,1627.50,823.62,1606.46,804.35,30.40,27.83,ok,9
497,2.067500,0,,,,,,,27.72,rejected-jump,7
498,2.071667,0,,,,,,,27.61,rejected-size,6
499,2.075833,0,,,,,,,27.49,rejected-size,4
500,2.080000,0,,,,,,,27.40,rejected-size,3
501,2.084167,0,,,,,,,27.31,rejected-size,3
502,2.088333,0,,,,,,,27.25,rejected-size,6
503,2.092500,0,,,,,,,27.24,rejected-size,4
504,2.096667,0,,,,,,,27.28,rejected-size,7
505,2.100833,0,,,,,,,27.42,rejected-size,6
506,2.105000,0,,,,,,,27.56,rejected-size,6
507,2.109167,1,0.2512,1627.51,824.01,1606.20,805.42,29.90,27.68,ok,8
508,2.113333,1,0.3444,1627.46,823.76,1605.85,805.29,29.95,27.80,ok,7
509,2.117500,0,,,,,,,27.98,rejected-jump,4
510,2.121667,0,,,,,,,28.18,rejected-size,2
511,2.125833,0,,,,,,,28.39,rejected-size,2
512,2.130000,1,0.3177,1626.83,824.69,1603.77,806.54,27.45,28.60,ok,3
513,2.134167,1,0.3211,1626.91,824.83,1603.50,806.79,26.62,28.78,ok,3
514,2.138333,1,0.5068,1626.99,824.42,1603.21,806.52,27.49,28.96,ok,3
515,2.142500,1,0.4778,1626.81,824.75,1602.67,806.99,26.84,29.12,ok,3
516,2.146667,1,0.5330,1626.92,824.16,1602.43,806.56,28.63,29.27,ok,5
517,2.150833,1,0.3337,1626.87,824.18,1602.05,806.73,28.62,29.40,ok,5
518,2.155000,0,,,,,,,29.53,rejected-jump,2
519,2.159167,0,,,,,,,29.64,rejected-jump,1
520,2.163333,1,0.2715,1626.91,824.00,1601.10,807.22,28.90,29.75,ok,2
521,2.167500,1,0.3547,1626.96,823.98,1600.83,807.40,28.97,29.85,ok,2
522,2.171667,1,0.3160,1627.06,823.95,1600.64,807.56,29.15,29.97,ok,2
523,2.175833,1,0.5023,1627.01,823.99,1600.37,807.77,29.39,30.06,ok,2
524,2.180000,1,0.6350,1627.14,824.06,1600.30,808.00,29.47,30.15,ok,2
525,2.184167,1,0.6127,1627.10,824.03,1600.07,808.17,29.49,30.19,ok,2
526,2.188333,1,0.5578,1627.02,824.00,1599.83,808.35,29.56,30.23,ok,3
527,2.192500,1,0.4865,1627.06,823.93,1599.76,808.47,29.60,30.21,ok,3
528,2.196667,1,0.4440,1627.09,823.98,1599.70,808.73,29.50,30.19,ok,2
529,2.200833,1,0.3502,1627.10,823.99,1599.64,808.84,29.50,30.19,ok,2
530,2.205000,1,0.3299,1627.06,823.96,1599.58,808.90,29.58,30.19,ok,2
531,2.209167,1,0.3957,1627.07,823.90,1599.55,808.92,29.57,30.21,ok,3
532,2.213333,1,0.4654,1627.03,823.90,1599.46,808.99,29.53,30.24,ok,3
533,2.217500,1,0.4572,1627.05,823.82,1599.42,808.91,29.63,30.32,ok,3
534,2.221667,1,0.4277,1627.09,823.78,1599.41,808.85,29.67,30.41,ok,3
535,2.225833,1,0.4297,1627.13,823.80,1599.39,808.85,29.64,30.47,ok,3
536,2.230000,1,0.4667,1627.16,823.78,1599.33,808.62,29.51,30.67,ok,2
537,2.234167,1,0.6480,1627.07,823.88,1599.14,808.49,29.72,30.89,ok,4
538,2.238333,1,0.6912,1626.95,823.98,1598.92,808.35,29.74,31.13,ok,4
539,2.242500,1,0.6944,1626.88,823.99,1598.74,808.13,29.37,31.39,ok,6
540,2.246667,1,0.6870,1626.86,823.97,1598.60,807.88,29.28,31.63,ok,4
541,2.250833,1,0.6472,1626.89,824.01,1598.52,807.75,29.33,31.82,ok,4
542,2.255000,1,0.6147,1626.86,823.94,1598.39,807.48,29.42,32.03,ok,3
543,2.259167,1,0.5846,1626.85,823.93,1598.31,807.23,29.47,32.23,ok,4
544,2.263333,1,0.5192,1626.74,824.09,1598.16,807.15,30.05,32.43,ok,3
545,2.267500,1,0.6026,1626.85,824.11,1598.22,806.96,30.02,32.62,ok,6
546,2.271667,1,0.6152,1627.01,824.17,1598.32,806.86,29.82,32.77,ok,5
547,2.275833,1,0.5732,1626.98,824.23,1598.21,806.75,29.86,32.94,ok,5
548,2.280000,1,0.5006,1626.84,824.07,1598.00,806.43,30.03,33.11,ok,2
549,2.284167,1,0.5023,1626.87,824.03,1597.92,806.20,29.95,33.33,ok,6
550,2.288333,1,0.5178,1626.99,824.01,1597.93,805.98,29.85,33.56,ok,6
551,2.292500,1,0.5010,1627.08,823.87,1597.93,805.65,29.94,33.76,ok,8
552,2.296667,1,0.4040,1627.03,823.72,1597.79,805.31,30.02,33.95,ok,4
553,2.300833,1,0.3099,1627.06,823.69,1597.78,805.08,30.08,34.11,ok,4
554,2.305000,1,0.2731,1627.09,823.86,1597.76,805.05,29.92,34.28,ok,3
555,2.309167,0,,,,,,,34.45,rejected-jump,3
556,2.313333,0,,,,,,,34.63,rejected-jump,2
557,2.317500,0,,,,,,,34.88,rejected-jump,2
558,2.321667,0,,,,,,,35.13,rejected-jump,1
559,2.325833,0,,,,,,,35.42,rejected-jump,1
560,2.330000,1,0.2976,1626.83,823.70,1597.00,803.32,29.62,35.71,ok,2
561,2.334167,1,0.3409,1626.75,823.97,1596.73,803.28,29.27,36.05,ok,2
562,2.338333,1,0.3378,1626.82,824.26,1596.63,803.25,29.35,36.39,ok,3
563,2.342500,1,0.2859,1626.67,823.96,1596.36,802.53,29.40,36.76,ok,6
564,2.346667,0,,,,,,,37.11,rejected-jump,2
565,2.350833,0,,,,,,,37.38,rejected-size,3
566,2.355000,0,,,,,,,37.65,rejected-size,3
567,2.359167,0,,,,,,,37.80,rejected-size,3
568,2.363333,0,,,,,,,37.93,rejected-size,3
569,2.367500,1,0.2868,1626.52,823.95,1596.37,800.58,29.16,37.98,ok,4
570,2.371667,0,,,,,,,38.02,rejected-jump,3
571,2.375833,0,,,,,,,38.03,rejected-size,3
572,2.380000,0,,,,,,,38.02,rejected-jump,2
573,2.384167,0,,,,,,,37.99,rejected-jump,2
574,2.388333,0,,,,,,,37.98,rejected-jump,2
575,2.392500,0,,,,,,,37.98,rejected-jump,2
576,2.396667,1,0.2664,1627.08,822.71,1598.03,798.29,31.80,38.00,ok,3
577,2.400833,0,,,,,,,38.00,rejected-jump,2
578,2.405000,0,,,,,,,37.97,rejected-jump,2
579,2.409167,0,,,,,,,37.94,rejected-jump,2
580,2.413333,0,,,,,,,37.92,rejected-jump,2
581,2.417500,0,,,,,,,37.88,rejected-jump,2
582,2.421667,0,,,,,,,37.87,rejected-jump,2
583,2.425833,0,,,,,,,37.87,rejected-size,2
584,2.430000,0,,,,,,,37.87,rejected-size,2
585,2.434167,0,,,,,,,37.86,rejected-size,2
586,2.438333,0,,,,,,,37.87,rejected-size,3
587,2.442500,0,,,,,,,37.91,rejected-size,2
588,2.446667,0,,,,,,,37.95,rejected-size,2
589,2.450833,0,,,,,,,38.02,rejected-size,2
590,2.455000,0,,,,,,,38.10,rejected-size,2
591,2.459167,0,,,,,,,38.18,rejected-size,2
592,2.463333,0,,,,,,,38.27,rejected-size,3
593,2.467500,0,,,,,,,38.33,rejected-size,4
594,2.471667,0,,,,,,,38.40,rejected-size,3
595,2.475833,0,,,,,,,38.41,rejected-size,3
596,2.480000,0,,,,,,,38.41,rejected-size,3
597,2.484167,0,,,,,,,38.39,rejected-size,5
598,2.488333,0,,,,,,,38.37,rejected-size,5
599,2.492500,0,,,,,,,38.29,rejected-size,3
600,2.496667,0,,,,,,,38.20,rejected-size,3
601,2.500833,0,,,,,,,38.13,rejected-size,3
602,2.505000,1,0.2749,1626.17,824.16,1594.64,801.54,29.03,38.08,ok,4
603,2.509167,1,0.2992,1626.21,823.98,1594.57,801.54,29.12,38.03,ok,4
604,2.513333,1,0.2609,1626.23,823.74,1594.50,801.49,29.27,37.97,ok,3
605,2.517500,1,0.3074,1626.33,823.83,1594.52,801.78,29.04,37.89,ok,4
606,2.521667,1,0.3480,1626.38,824.01,1594.52,802.18,28.72,37.79,ok,3
607,2.525833,1,0.4765,1626.29,824.08,1594.40,802.48,28.61,37.66,ok,4
608,2.530000,1,0.4762,1626.35,824.13,1594.44,802.74,28.57,37.53,ok,4
609,2.534167,1,0.4559,1626.40,824.17,1594.56,802.97,28.56,37.35,ok,5
610,2.538333,1,0.4620,1626.42,824.03,1594.67,803.01,28.82,37.16,ok,6
611,2.542500,1,0.4691,1626.46,823.98,1594.82,803.15,28.97,36.97,ok,7
612,2.546667,1,0.4595,1626.53,824.46,1594.99,803.77,28.79,36.80,ok,7
613,2.550833,1,0.4002,1626.54,824.38,1595.16,803.81,28.87,36.62,ok,8
614,2.555000,1,0.3219,1626.56,824.27,1595.34,803.81,29.02,36.44,ok,7
615,2.559167,1,0.3073,1626.53,824.19,1595.54,803.81,29.25,36.23,ok,8
616,2.563333,1,0.3239,1626.45,823.61,1595.71,803.31,29.80,36.02,ok,8
617,2.567500,1,0.2762,1626.77,823.56,1596.31,803.30,29.97,35.79,ok,7
618,2.571667,1,0.3417,1627.00,823.58,1596.82,803.37,29.99,35.56,ok,9
619,2.575833,1,0.4327,1627.11,823.84,1597.26,803.65,29.72,35.32,ok,5
620,2.580000,1,0.4323,1627.13,823.87,1597.62,803.70,29.91,35.09,ok,5
621,2.584167,1,0.4578,1627.18,823.82,1598.00,803.66,29.78,34.86,ok,5
622,2.588333,1,0.5240,1627.12,823.74,1598.28,803.59,29.96,34.63,ok,5
623,2.592500,1,0.5451,1627.06,823.88,1598.55,803.76,29.90,34.40,ok,4
624,2.596667,1,0.3545,1627.07,823.72,1598.88,803.63,29.83,34.19,ok,3
625,2.600833,1,0.4252,1627.18,823.95,1599.36,803.95,29.95,33.90,ok,4
626,2.605000,1,0.3348,1627.26,824.09,1599.84,804.18,30.09,33.59,ok,4
627,2.609167,1,0.3955,1627.23,824.12,1600.29,804.30,29.99,33.22,ok,4
628,2.613333,0,,,,,,,32.83,rejected-jump,3
629,2.617500,1,0.2605,1627.64,824.57,1601.80,804.97,28.76,32.37,ok,5
630,2.621667,0,,,,,,,31.89,rejected-jump,3
631,2.625833,0,,,,,,,31.37,rejected-size,3
632,2.630000,0,,,,,,,30.85,rejected-size,4
633,2.634167,0,,,,,,,30.42,rejected-size,3
634,2.638333,1,0.2559,1627.84,823.71,1605.40,804.54,29.88,30.04,ok,2
635,2.642500,1,0.2845,1627.96,823.78,1606.22,804.44,30.29,29.80,ok,2
636,2.646667,0,,,,,,,29.64,rejected-jump,1
637,2.650833,0,,,,,,,29.60,rejected-size,3
638,2.655000,0,,,,,,,29.61,rejected-size,3
639,2.659167,0,,,,,,,29.71,rejected-size,5
640,2.663333,0,,,,,,,29.84,rejected-size,2
641,2.667500,0,,,,,,,30.02,rejected-size,4
642,2.671667,0,,,,,,,30.19,rejected-size,1
643,2.675833,0,,,,,,,30.34,rejected-size,1
644,2.680000,0,,,,,,,30.43,rejected-size,1
645,2.684167,0,,,,,,,30.53,rejected-size,3
646,2.688750,0,,,,,,,30.64,rejected-size,3
647,2.692917,0,,,,,,,30.71,rejected-size,3
648,2.697083,0,,,,,,,30.77,rejected-size,2
649,2.701250,1,0.3637,1628.82,824.66,1614.45,800.44,29.64,30.84,ok,3
650,2.705417,1,0.3507,1628.80,824.59,1614.73,800.14,29.64,30.90,ok,2
651,2.709583,1,0.4129,1628.67,824.63,1614.82,799.96,29.38,30.99,ok,4
652,2.713750,1,0.3500,1628.88,825.04,1615.27,800.15,28.50,31.09,ok,4
653,2.717917,1,0.4624,1628.77,825.17,1615.22,800.03,28.45,31.26,ok,4
654,2.722083,1,0.6241,1628.50,824.79,1614.98,799.47,29.08,31.38,ok,4
655,2.726250,1,0.7082,1628.59,824.85,1615.05,799.34,29.07,31.49,ok,5
656,2.730417,1,0.7131,1628.68,824.85,1615.10,799.23,29.03,31.57,ok,3
657,2.734583,1,0.6481,1628.75,824.96,1615.03,799.32,29.04,31.58,ok,5
658,2.738750,1,0.5547,1628.86,825.01,1614.99,799.36,29.08,31.59,ok,4
659,2.742917,1,0.5265,1628.87,825.00,1614.85,799.35,29.21,31.59,ok,4
660,2.747083,1,0.4418,1628.97,824.79,1614.81,799.15,30.13,31.58,ok,4
661,2.751250,1,0.4277,1628.98,824.65,1614.60,799.12,30.45,31.50,ok,5
662,2.755417,1,0.3577,1628.99,824.86,1614.37,799.45,29.54,31.41,ok,4
663,2.759583,0,,,,,,,31.34,rejected-jump,2
664,2.763750,0,,,,,,,31.29,rejected-jump,1
665,2.767917,0,,,,,,,31.32,rejected-jump,1
666,2.772083,0,,,,,,,31.37,rejected-jump,1
667,2.776250,0,,,,,,,31.45,rejected-jump,1
668,2.780417,0,,,,,,,31.55,rejected-jump,1
669,2.784583,0,,,,,,,31.67,rejected-size,1
670,2.788750,0,,,,,,,31.81,rejected-size,1
671,2.792917,0,,,,,,,31.95,rejected-size,1
672,2.797083,0,,,,,,,32.08,rejected-size,1
673,2.801250,0,,,,,,,32.18,rejected-size,1
674,2.805417,0,,,,,,,32.27,rejected-size,1
675,2.809583,0,,,,,,,32.34,rejected-size,1
676,2.813750,0,,,,,,,32.41,rejected-size,2
677,2.817917,0,,,,,,,32.47,rejected-size,3
678,2.822083,1,0.2789,1627.85,823.69,1606.74,799.61,30.89,32.54,ok,3
679,2.826250,0,,,,,,,32.56,rejected-jump,3
680,2.830417,0,,,,,,,32.58,rejected-jump,1
681,2.834583,0,,,,,,,32.57,rejected-jump,2
682,2.838750,0,,,,,,,32.56,rejected-jump,2
683,2.842917,0,,,,,,,32.55,rejected-size,3
684,2.847083,0,,,,,,,32.53,rejected-jump,1
685,2.851250,0,,,,,,,32.51,rejected-size,4
686,2.855417,0,,,,,,,32.50,rejected-size,4
687,2.859583,0,,,,,,,32.51,rejected-size,4
688,2.863750,0,,,,,,,32.54,rejected-size,4
689,2.867917,0,,,,,,,32.56,rejected-size,4
690,2.872083,0,,,,,,,32.58,rejected-size,2
691,2.876250,0,,,,,,,32.60,rejected-size,3
692,2.880417,0,,,,,,,32.62,rejected-size,2
693,2.884583,0,,,,,,,32.61,rejected-size,2
694,2.888750,0,,,,,,,32.60,rejected-size,3
695,2.892917,1,0.3342,1627.10,824.16,1600.33,804.14,29.68,32.53,ok,4
696,2.897083,1,0.2733,1627.24,824.03,1600.25,804.36,29.76,32.45,ok,3
697,2.901250,0,,,,,,,32.32,rejected-jump,3
698,2.905417,0,,,,,,,32.16,rejected-jump,1
699,2.909583,1,0.2822,1627.13,824.39,1599.76,805.97,29.15,31.94,ok,2
700,2.913750,1,0.5206,1627.14,824.49,1599.73,806.49,29.12,31.70,ok,2
701,2.917917,1,0.5073,1627.13,824.45,1599.73,806.81,29.24,31.48,ok,3
702,2.922083,1,0.5061,1627.01,824.29,1599.62,807.00,28.91,31.26,ok,2
703,2.926250,1,0.3314,1627.25,824.16,1599.86,807.18,28.92,31.09,ok,3
704,2.930417,1,0.3097,1627.24,824.00,1599.85,807.33,29.22,30.92,ok,2
705,2.934583,1,0.4622,1627.19,824.02,1599.74,807.65,29.63,30.79,ok,2
706,2.938750,1,0.5227,1627.33,824.02,1599.84,807.95,29.82,30.66,ok,3
707,2.942917,1,0.5051,1627.43,823.99,1599.88,808.12,29.90,30.58,ok,5
708,2.947083,1,0.3947,1627.46,824.05,1599.86,808.32,29.89,30.53,ok,5
709,2.951250,1,0.4427,1627.42,824.05,1599.78,808.37,29.96,30.55,ok,4
710,2.955417,1,0.4431,1627.42,824.04,1599.75,808.39,29.95,30.56,ok,4
711,2.959583,1,0.4502,1627.38,824.02,1599.69,808.39,30.01,30.57,ok,4
712,2.963750,1,0.4756,1627.38,824.00,1599.64,808.42,30.04,30.59,ok,4
713,2.967917,1,0.4126,1627.46,823.92,1599.77,808.42,29.91,30.51,ok,4
714,2.972083,1,0.4138,1627.50,823.88,1599.81,808.40,29.89,30.50,ok,3
715,2.976250,1,0.3920,1627.52,823.82,1599.85,808.41,29.85,30.44,ok,3
716,2.980417,1,0.3323,1627.54,823.81,1599.89,808.46,29.74,30.38,ok,3
717,2.984583,1,0.3184,1627.65,823.77,1600.01,808.49,29.64,30.34,ok,3
718,2.988750,1,0.3072,1627.65,823.75,1600.02,808.49,29.64,30.33,ok,3
719,2.992917,1,0.2977,1627.59,823.74,1599.93,808.48,29.61,30.35,ok,3
720,2.997083,1,0.3126,1627.58,823.78,1599.83,808.51,29.57,30.41,ok,3
721,3.001250,1,0.4117,1627.44,823.76,1599.46,808.52,29.70,30.57,ok,3
722,3.005417,1,0.4879,1627.28,823.77,1599.07,808.54,29.72,30.74,ok,4
723,3.009583,1,0.5499,1627.27,823.86,1598.80,808.59,29.61,30.99,ok,4
724,3.013750,1,0.5026,1627.21,823.94,1598.49,808.62,29.52,31.23,ok,5
725,3.017917,1,0.5432,1627.31,824.04,1598.34,808.66,29.76,31.47,ok,4
726,3.022083,1,0.5905,1627.41,824.11,1598.18,808.65,29.70,31.72,ok,3
727,3.026250,1,0.4925,1627.38,823.86,1597.94,808.37,29.73,31.91,ok,3
728,3.030417,1,0.3633,1627.30,823.71,1597.67,808.18,29.76,32.09,ok,4
729,3.034583,1,0.3263,1627.26,823.69,1597.49,808.21,29.47,32.18,ok,5
730,3.038750,1,0.3147,1627.07,823.65,1597.17,808.21,29.24,32.26,ok,4
731,3.042917,0,,,,,,,32.30,rejected-jump,3
732,3.047083,0,,,,,,,32.34,rejected-jump,2
733,3.051250,0,,,,,,,32.42,rejected-size,3
734,3.055417,0,,,,,,,32.49,rejected-size,4
735,3.059583,0,,,,,,,32.64,rejected-size,3
736,3.063750,0,,,,,,,32.80,rejected-size,3
737,3.067917,0,,,,,,,33.05,rejected-size,2
738,3.072083,0,,,,,,,33.32,rejected-size,1
739,3.076250,0,,,,,,,33.64,rejected-size,1
740,3.080417,0,,,,,,,33.94,rejected-size,4
741,3.084583,1,0.2773,1626.57,823.83,1594.62,808.10,29.53,34.17,ok,4
742,3.088750,0,,,,,,,34.35,rejected-jump,3
743,3.092917,1,0.2534,1626.82,823.71,1594.65,807.66,29.17,34.51,ok,3
744,3.097083,1,0.3011,1626.78,823.72,1594.57,807.43,29.14,34.68,ok,3
745,3.101250,1,0.3335,1626.82,823.83,1594.62,807.40,29.04,34.75,ok,6
746,3.105417,1,0.4418,1626.87,823.89,1594.68,807.33,29.07,34.82,ok,5
747,3.109583,1,0.5130,1626.95,823.95,1594.76,807.37,29.14,34.83,ok,5
748,3.113750,1,0.5039,1626.94,823.96,1594.78,807.36,29.16,34.81,ok,4
749,3.117917,1,0.4977,1626.91,823.97,1594.89,807.25,28.90,34.76,ok,4
750,3.122083,1,0.4172,1626.88,824.02,1595.05,807.18,28.72,34.68,ok,5
751,3.126250,1,0.2991,1626.77,824.08,1595.13,807.16,28.77,34.59,ok,6
752,3.130417,0,,,,,,,34.49,rejected-jump,4
753,3.134583,1,0.2623,1626.94,824.14,1595.61,807.13,28.82,34.41,ok,6
754,3.138750,0,,,,,,,34.34,rejected-jump,5
755,3.142917,1,0.2990,1626.98,824.16,1595.88,807.10,29.01,34.29,ok,5
756,3.147083,1,0.3495,1627.01,824.14,1596.00,807.05,29.09,34.25,ok,5
757,3.151250,1,0.4541,1627.06,824.18,1596.06,807.01,29.16,34.29,ok,5
758,3.155417,1,0.4886,1627.06,824.16,1596.07,806.98,29.17,34.30,ok,5
759,3.159583,1,0.4778,1627.08,824.22,1596.08,807.00,29.17,34.33,ok,5
760,3.163750,1,0.4837,1627.13,824.30,1596.13,807.05,29.09,34.36,ok,5
761,3.167917,1,0.4635,1627.08,824.29,1596.01,806.99,29.05,34.46,ok,5
762,3.172083,1,0.4195,1627.04,824.26,1595.89,806.91,28.93,34.54,ok,5
763,3.176250,1,0.4351,1627.02,824.20,1595.69,806.82,28.63,34.70,ok,5
764,3.180417,1,0.4210,1626.95,824.18,1595.41,806.77,28.58,34.87,ok,5
765,3.184583,1,0.4278,1627.04,824.27,1595.27,806.83,28.06,35.07,ok,5
766,3.188750,1,0.4671,1626.86,824.26,1594.86,806.80,28.45,35.27,ok,3
767,3.192917,1,0.5835,1626.84,824.29,1594.61,806.81,28.79,35.47,ok,3
768,3.197083,1,0.6241,1626.92,824.33,1594.48,806.84,28.99,35.64,ok,5
769,3.201250,1,0.5287,1627.03,824.34,1594.38,806.89,28.84,35.79,ok,4
770,3.205417,1,0.4433,1627.08,824.37,1594.23,806.96,28.70,35.93,ok,4
771,3.209583,1,0.4721,1627.07,824.50,1594.08,807.14,28.46,36.01,ok,2
772,3.213750,1,0.4603,1627.10,824.46,1594.01,807.15,28.41,36.08,ok,2
773,3.217917,1,0.4212,1627.10,824.47,1594.00,807.12,28.28,36.09,ok,2
774,3.222083,1,0.4532,1627.08,824.47,1593.99,807.11,28.26,36.10,ok,4
775,3.226250,1,0.4519,1627.05,824.41,1594.01,807.04,28.26,36.08,ok,3
776,3.230417,1,0.4723,1626.98,824.37,1593.99,806.99,28.34,36.04,ok,3
777,3.234583,1,0.5019,1627.05,824.33,1594.21,806.97,28.59,35.91,ok,5
778,3.238750,1,0.5517,1627.06,824.28,1594.43,806.93,28.86,35.74,ok,5
779,3.242917,1,0.5535,1627.10,824.30,1594.66,806.98,28.74,35.57,ok,5
780,3.247083,1,0.5073,1627.12,824.24,1594.90,806.94,28.70,35.40,ok,5
781,3.251250,1,0.4071,1627.05,824.23,1595.13,806.95,28.46,35.17,ok,5
782,3.255417,1,0.3147,1627.20,824.17,1595.60,806.91,28.59,34.92,ok,4
783,3.259583,1,0.3618,1627.28,824.06,1596.03,806.82,28.84,34.65,ok,4
784,3.263750,1,0.5737,1627.15,824.08,1596.27,806.86,29.28,34.38,ok,4
785,3.267917,1,0.3434,1627.35,824.08,1596.85,806.90,28.87,34.08,ok,3
786,3.272083,1,0.3246,1627.38,824.00,1597.28,806.87,29.23,33.77,ok,3
787,3.276250,1,0.3487,1627.55,824.21,1597.86,807.21,29.53,33.40,ok,3
788,3.280417,1,0.5384,1627.37,824.19,1598.08,807.33,29.59,33.02,ok,3
789,3.284583,1,0.5259,1627.32,824.10,1598.44,807.34,29.35,32.67,ok,3
790,3.288750,1,0.6750,1627.34,824.21,1598.87,807.54,29.05,32.31,ok,3
791,3.292917,1,0.6228,1627.51,824.23,1599.49,807.61,29.66,31.97,ok,3
792,3.297083,1,0.5526,1627.60,824.18,1599.99,807.61,29.52,31.64,ok,4
793,3.301250,1,0.3557,1627.49,824.16,1600.26,807.63,29.28,31.34,ok,3
794,3.305417,1,0.3916,1627.53,824.11,1600.68,807.62,29.20,31.05,ok,4
795,3.309583,1,0.4977,1627.83,824.12,1601.26,807.63,29.12,30.85,ok,3
796,3.313750,1,0.4786,1628.07,824.09,1601.78,807.58,29.10,30.67,ok,3
797,3.317917,1,0.4682,1628.04,824.09,1601.87,807.49,29.00,30.66,ok,4
798,3.322083,1,0.4167,1628.08,824.10,1601.98,807.47,29.01,30.64,ok,4
799,3.326250,1,0.4050,1628.02,824.19,1601.95,807.46,28.99,30.68,ok,4
800,3.330417,1,0.4283,1628.02,824.17,1601.95,807.39,28.92,30.71,ok,4
801,3.334583,1,0.4583,1627.90,824.14,1601.68,807.29,28.96,30.85,ok,4
802,3.338750,1,0.5035,1627.86,824.11,1601.45,807.17,29.01,31.01,ok,4
803,3.342917,1,0.4147,1627.78,824.05,1601.09,807.00,28.73,31.27,ok,4
804,3.347083,1,0.5271,1627.61,824.15,1600.62,806.98,28.61,31.54,ok,4
805,3.351250,1,0.5996,1627.53,824.22,1600.15,806.93,28.84,31.87,ok,3
806,3.355417,1,0.6998,1627.46,824.27,1599.66,806.86,29.03,32.22,ok,6
807,3.359583,1,0.6277,1627.45,824.33,1599.20,806.77,29.21,32.61,ok,4
808,3.363750,1,0.5154,1627.45,824.24,1598.73,806.55,29.62,33.01,ok,4
809,3.367917,1,0.4447,1627.37,824.14,1598.20,806.30,29.57,33.41,ok,4
810,3.372083,1,0.3770,1627.26,823.99,1597.61,805.99,29.23,33.83,ok,4
811,3.376250,1,0.4022,1627.02,823.64,1596.91,805.46,29.93,34.26,ok,5
812,3.380417,1,0.3153,1626.86,823.64,1596.32,805.31,30.03,34.67,ok,6
813,3.384583,1,0.3369,1626.91,824.06,1595.96,805.55,29.37,35.07,ok,5
814,3.388750,0,,,,,,,35.43,rejected-jump,3
815,3.392917,0,,,,,,,35.75,rejected-size,3
816,3.397083,0,,,,,,,36.06,rejected-size,5
817,3.401250,0,,,,,,,36.33,rejected-size,4
818,3.405417,0,,,,,,,36.60,rejected-size,4
819,3.409583,0,,,,,,,36.86,rejected-size,4
820,3.413750,1,0.3529,1627.27,824.25,1594.31,804.75,29.50,37.11,ok,3
821,3.417917,1,0.3922,1627.40,824.55,1594.27,804.85,29.13,37.37,ok,7
822,3.422083,1,0.3171,1627.32,824.35,1594.04,804.44,28.82,37.62,ok,4
823,3.426250,1,0.4080,1627.30,824.06,1593.86,803.97,29.03,37.86,ok,4
824,3.430417,1,0.4689,1627.22,824.15,1593.63,803.89,28.88,38.08,ok,5
825,3.434583,1,0.5035,1626.95,824.22,1593.25,803.78,28.93,38.26,ok,5
826,3.438750,1,0.5015,1626.67,824.42,1592.86,803.77,28.82,38.46,ok,4
827,3.442917,1,0.4374,1626.60,824.54,1592.73,803.65,28.76,38.65,ok,4
828,3.447083,1,0.4427,1626.77,824.79,1592.85,803.66,28.55,38.85,ok,3
829,3.451250,1,0.4370,1626.85,824.62,1592.87,803.29,28.53,39.02,ok,4
830,3.455417,1,0.4808,1626.89,824.54,1592.84,803.00,28.54,39.20,ok,4
831,3.459583,1,0.5449,1626.72,824.41,1592.67,802.61,29.01,39.36,ok,5
832,3.463750,1,0.5956,1626.62,824.46,1592.57,802.42,29.21,39.51,ok,3
833,3.467917,1,0.6008,1626.57,824.44,1592.52,802.15,29.27,39.66,ok,5
834,3.472083,1,0.6070,1626.66,824.46,1592.60,801.94,29.34,39.81,ok,5
835,3.476250,1,0.5727,1626.82,824.59,1592.73,801.86,29.36,39.95,ok,3
836,3.480417,1,0.5554,1626.91,824.54,1592.79,801.61,29.65,40.09,ok,3
837,3.484583,1,0.5741,1626.98,824.42,1592.78,801.29,29.79,40.27,ok,4
838,3.488750,1,0.5599,1627.06,824.41,1592.79,801.06,29.74,40.46,ok,4
839,3.492917,1,0.5851,1627.10,824.43,1592.76,800.87,29.71,40.63,ok,3
840,3.497083,1,0.5441,1626.90,823.86,1592.50,800.09,30.37,40.81,ok,4
841,3.501250,1,0.4739,1627.11,824.34,1592.58,800.40,29.43,40.99,ok,4
842,3.505417,1,0.4298,1626.96,824.32,1592.32,800.21,29.29,41.16,ok,3
843,3.509583,1,0.4062,1626.72,823.85,1591.96,799.56,29.98,41.34,ok,3
844,3.513750,1,0.4387,1626.59,823.92,1591.72,799.45,29.93,41.51,ok,2
845,3.517917,1,0.4867,1626.51,824.03,1591.52,799.46,30.05,41.65,ok,3
846,3.522083,1,0.5093,1626.41,823.60,1591.28,798.93,30.36,41.81,ok,3
847,3.526250,1,0.5945,1626.42,823.96,1591.15,799.21,30.13,41.94,ok,3
848,3.530417,1,0.6369,1626.44,824.14,1591.02,799.32,29.98,42.08,ok,5
849,3.534583,1,0.6428,1626.37,824.14,1590.76,799.22,30.08,42.28,ok,5
850,3.538750,1,0.6106,1626.34,824.21,1590.55,799.17,30.03,42.48,ok,5
851,3.542917,1,0.5283,1626.38,824.13,1590.41,798.91,29.84,42.72,ok,5
852,3.547083,1,0.5188,1626.39,823.95,1590.27,798.55,29.70,42.95,ok,5
853,3.551250,1,0.4624,1626.44,823.53,1590.19,797.97,30.06,43.14,ok,5
854,3.555417,1,0.4022,1626.35,823.45,1589.99,797.74,30.11,43.29,ok,6
855,3.559583,1,0.4225,1626.41,822.80,1589.97,796.99,30.81,43.42,ok,6
856,3.563750,1,0.4557,1626.42,823.73,1589.95,797.87,29.87,43.45,ok,6
857,3.567917,1,0.4820,1626.45,823.91,1589.96,797.94,29.66,43.54,ok,6
858,3.572083,1,0.5431,1626.50,824.18,1589.99,798.08,29.37,43.63,ok,6
859,3.576250,1,0.5521,1626.47,824.09,1590.06,797.85,29.55,43.65,ok,6
860,3.580417,1,0.5139,1626.48,823.25,1590.19,796.92,30.43,43.59,ok,5
861,3.584583,1,0.4992,1626.52,822.03,1590.41,795.66,31.77,43.49,ok,5
862,3.588750,1,0.4449,1626.52,819.80,1590.59,793.39,34.11,43.38,ok,5
863,3.592917,1,0.4071,1626.52,822.56,1590.78,796.11,31.25,43.27,ok,4
864,3.597083,1,0.3005,1626.54,822.52,1591.02,796.03,31.26,43.15,ok,4
865,3.601250,1,0.3915,1626.57,823.26,1591.27,796.72,30.52,43.01,ok,4
866,3.605417,1,0.4736,1626.59,824.14,1591.53,797.55,29.71,42.86,ok,4
867,3.609583,1,0.5645,1626.64,824.74,1591.83,798.11,28.95,42.71,ok,4
868,3.613750,1,0.6074,1626.69,824.87,1592.11,798.21,28.80,42.56,ok,3
869,3.617917,1,0.5894,1626.64,824.81,1592.26,798.13,28.89,42.44,ok,4
870,3.622083,1,0.5402,1626.70,824.80,1592.50,798.10,28.91,42.32,ok,3
871,3.626250,1,0.5416,1626.66,824.79,1592.66,798.04,28.98,42.21,ok,3
872,3.630417,1,0.6458,1626.64,824.83,1592.82,798.03,29.01,42.11,ok,5
873,3.634583,1,0.5805,1626.75,824.68,1593.13,797.79,28.98,42.02,ok,3
874,3.638750,1,0.6071,1626.66,824.49,1593.24,797.53,28.94,41.92,ok,4
875,3.642917,1,0.5383,1626.71,824.50,1593.47,797.56,28.98,41.76,ok,4
876,3.647083,1,0.5002,1626.80,824.72,1593.70,797.81,28.63,41.61,ok,3
877,3.651250,1,0.4676,1626.78,824.84,1593.85,797.97,28.61,41.45,ok,3
878,3.655417,1,0.3881,1626.79,825.00,1594.05,798.18,28.58,41.28,ok,3
879,3.659583,1,0.3635,1626.78,824.99,1594.22,798.22,29.00,41.12,ok,3
880,3.663750,1,0.4098,1626.81,824.95,1594.42,798.23,29.06,40.95,ok,3
881,3.667917,1,0.3915,1626.78,824.84,1594.56,798.27,28.76,40.73,ok,4
882,3.672083,1,0.4091,1626.71,824.61,1594.65,798.22,28.85,40.49,ok,5
883,3.676250,1,0.3519,1626.65,824.50,1594.72,798.28,28.87,40.29,ok,5
884,3.680417,1,0.3333,1626.59,824.42,1594.80,798.38,28.85,40.09,ok,4
885,3.684583,1,0.2955,1626.65,824.39,1594.98,798.41,28.72,39.95,ok,4
886,3.688750,1,0.2795,1626.61,824.38,1595.06,798.43,28.84,39.85,ok,4
887,3.692917,0,,,,,,,39.74,rejected-jump,3
888,3.697083,0,,,,,,,39.64,rejected-size,4
889,3.701250,0,,,,,,,39.55,rejected-size,4
890,3.705417,0,,,,,,,39.47,rejected-size,4
891,3.709583,0,,,,,,,39.39,rejected-size,4
892,3.713750,0,,,,,,,39.27,rejected-size,4
893,3.717917,0,,,,,,,39.09,rejected-size,4
894,3.722083,0,,,,,,,38.89,rejected-size,4
895,3.726250,0,,,,,,,38.69,rejected-size,4
896,3.730417,0,,,,,,,38.48,rejected-size,3
897,3.734583,0,,,,,,,38.23,rejected-size,3
898,3.738750,1,0.2736,1627.27,824.73,1597.84,799.52,29.82,37.98,ok,3
899,3.742917,1,0.3515,1627.15,824.58,1598.01,799.48,29.79,37.72,ok,3
900,3.747083,1,0.3387,1627.03,824.52,1598.17,799.51,29.77,37.48,ok,3
901,3.751250,1,0.3440,1627.15,824.56,1598.58,799.64,29.62,37.24,ok,3
902,3.755417,1,0.2710,1627.28,824.12,1599.01,799.28,30.59,37.01,ok,3
903,3.759583,0,,,,,,,36.79,rejected-jump,3
904,3.764167,0,,,,,,,36.58,rejected-jump,2
905,3.768333,0,,,,,,,36.35,rejected-jump,2
906,3.772500,0,,,,,,,36.11,rejected-jump,2
907,3.776667,0,,,,,,,35.80,rejected-size,3
908,3.780833,0,,,,,,,35.47,rejected-jump,2
909,3.785000,1,0.2922,1627.38,824.18,1601.09,800.29,29.29,35.16,ok,3
910,3.789167,1,0.3228,1627.37,824.20,1601.36,800.47,29.29,34.87,ok,3
911,3.793333,0,,,,,,,34.58,rejected-jump,3
912,3.797500,0,,,,,,,34.29,rejected-size,3
913,3.801667,0,,,,,,,34.01,rejected-jump,5
914,3.805833,0,,,,,,,33.73,rejected-jump,3
915,3.810000,0,,,,,,,33.46,rejected-jump,3
916,3.814167,0,,,,,,,33.24,rejected-jump,2
917,3.818333,0,,,,,,,33.03,rejected-size,2
918,3.822500,0,,,,,,,32.80,rejected-size,3
919,3.826667,0,,,,,,,32.57,rejected-size,3
920,3.830833,0,,,,,,,32.33,rejected-size,2
921,3.835000,0,,,,,,,32.09,rejected-size,3
922,3.839167,0,,,,,,,31.86,rejected-size,3
923,3.843333,0,,,,,,,31.62,rejected-size,4
924,3.847500,0,,,,,,,31.41,rejected-size,4
925,3.851667,0,,,,,,,31.19,rejected-size,3
926,3.855833,0,,,,,,,30.97,rejected-size,3
927,3.860000,0,,,,,,,30.73,rejected-size,4
928,3.864167,0,,,,,,,30.49,rejected-size,4
929,3.868333,1,0.3061,1627.91,823.88,1605.88,803.18,30.09,30.17,ok,6
930,3.872500,1,0.3507,1627.93,823.91,1606.11,803.49,30.00,29.83,ok,5
931,3.876667,1,0.4018,1627.89,824.00,1606.35,803.88,29.98,29.43,ok,5
932,3.880833,1,0.3455,1627.85,824.11,1606.59,804.31,29.96,29.03,ok,4
933,3.885000,0,,,,,,,28.57,rejected-jump,5
934,3.889167,0,,,,,,,28.09,rejected-size,2
935,3.893333,0,,,,,,,27.59,rejected-size,3
936,3.897500,0,,,,,,,27.08,rejected-size,3
937,3.901667,0,,,,,,,26.57,rejected-size,3
938,3.905833,0,,,,,,,26.03,rejected-size,2
939,3.910000,0,,,,,,,25.49,rejected-size,2
940,3.914167,1,0.3001,1628.25,824.28,1610.23,807.39,29.36,24.99,ok,2
941,3.918333,1,0.3371,1628.28,824.33,1610.64,807.78,29.20,24.51,ok,3
942,3.922500,0,,,,,,,24.04,rejected-jump,1
943,3.926667,0,,,,,,,23.57,rejected-jump,1
944,3.930833,0,,,,,,,23.10,rejected-jump,1
945,3.935000,0,,,,,,,22.65,rejected-jump,2
946,3.939167,0,,,,,,,22.18,rejected-size,4
947,3.943333,1,0.2814,1628.06,824.27,1612.16,810.09,28.95,21.71,ok,7
948,3.947500,1,0.3551,1628.18,824.21,1612.56,810.43,29.09,21.26,ok,5
949,3.951667,1,0.3479,1628.28,824.05,1612.93,810.68,29.73,20.80,ok,6
950,3.955833,1,0.3834,1628.50,823.89,1613.41,810.93,29.93,20.33,ok,4
951,3.960000,1,0.4033,1628.64,823.73,1613.78,811.18,30.32,19.88,ok,6
952,3.964167,1,0.4710,1628.66,823.98,1613.99,811.80,29.91,19.47,ok,2
953,3.968333,1,0.6056,1628.72,824.06,1614.19,812.19,30.24,19.15,ok,4
954,3.972500,1,0.4503,1628.73,824.16,1614.34,812.59,30.34,18.86,ok,3
955,3.976667,1,0.5276,1628.78,824.15,1614.41,812.84,30.32,18.67,ok,4
956,3.980833,1,0.5547,1628.89,824.17,1614.52,813.11,30.22,18.49,ok,5
957,3.985000,1,0.4163,1629.04,824.18,1614.61,813.32,30.02,18.41,ok,5
958,3.989167,1,0.3208,1629.05,824.01,1614.48,813.36,29.90,18.33,ok,4
959,3.993333,1,0.3053,1628.98,823.93,1614.27,813.47,29.72,18.28,ok,2
960,3.997500,1,0.2694,1628.93,823.78,1614.06,813.52,29.82,18.25,ok,2
961,4.001667,0,,,,,,,18.24,rejected-jump,1
962,4.005833,0,,,,,,,18.24,rejected-jump,1
963,4.010000,1,0.2861,1628.36,824.00,1612.96,814.36,29.48,18.21,ok,3
964,4.014167,0,,,,,,,18.18,rejected-jump,2
965,4.018333,0,,,,,,,18.11,rejected-jump,2
966,4.022500,0,,,,,,,18.05,rejected-jump,1
967,4.026667,0,,,,,,,17.98,rejected-jump,2
968,4.030833,0,,,,,,,17.91,rejected-jump,1
969,4.035000,0,,,,,,,17.87,rejected-jump,1
970,4.039167,0,,,,,,,17.83,rejected-size,2
971,4.043333,0,,,,,,,17.82,rejected-size,1
972,4.047500,0,,,,,,,17.81,rejected-size,1
973,4.051667,0,,,,,,,17.81,rejected-size,1
974,4.055833,0,,,,,,,17.82,rejected-size,1
975,4.060000,0,,,,,,,17.85,rejected-size,1
976,4.064167,0,,,,,,,17.89,rejected-size,1
977,4.068333,0,,,,,,,17.93,rejected-size,1
978,4.072500,0,,,,,,,17.93,rejected-size,1
979,4.076667,0,,,,,,,17.95,rejected-size,1
980,4.080833,0,,,,,,,17.97,rejected-size,1
981,4.085000,0,,,,,,,18.02,rejected-size,1
982,4.089167,0,,,,,,,18.06,rejected-size,1
983,4.093333,0,,,,,,,18.18,rejected-size,1
984,4.097500,0,,,,,,,18.32,rejected-size,1
985,4.101667,0,,,,,,,18.46,rejected-size,1
986,4.105833,0,,,,,,,18.61,rejected-size,1
987,4.110000,0,,,,,,,18.76,rejected-size,2
988,4.114167,0,,,,,,,18.92,rejected-size,2
989,4.118333,0,,,,,,,19.05,rejected-size,2
990,4.122500,0,,,,,,,19.17,rejected-size,1
991,4.126667,1,0.3075,1628.34,824.44,1610.59,816.00,29.40,19.24,ok,4
992,4.130833,1,0.3866,1628.30,824.48,1610.65,815.86,29.42,19.30,ok,4
993,4.135000,1,0.3136,1628.23,824.74,1610.71,816.01,28.99,19.28,ok,3
994,4.139167,0,,,,,,,19.26,rejected-jump,1
995,4.143333,0,,,,,,,19.27,rejected-jump,2
996,4.147500,0,,,,,,,19.29,rejected-jump,1
997,4.151667,0,,,,,,,19.35,rejected-jump,1
998,4.155833,0,,,,,,,19.43,rejected-jump,1
999,4.160000,0,,,,,,,19.54,rejected-jump,1
1000,4.164167,0,,,,,,,19.65,rejected-size,1
1001,4.168333,1,0.4928,1628.36,824.36,1612.84,813.22,29.60,19.78,ok,3
1002,4.172500,1,0.5210,1628.56,824.46,1613.27,812.96,29.61,19.93,ok,3
1003,4.176667,1,0.5620,1628.84,824.50,1613.74,812.62,29.59,20.13,ok,5
1004,4.180833,1,0.5338,1628.73,824.12,1613.83,811.87,29.72,20.37,ok,2
1005,4.185000,1,0.6186,1628.76,824.17,1613.94,811.53,29.78,20.67,ok,4
1006,4.189167,1,0.5877,1628.93,824.06,1614.17,811.02,29.73,20.98,ok,3
1007,4.193333,1,0.5810,1628.88,824.18,1614.14,810.75,29.58,21.31,ok,4
1008,4.197500,1,0.4533,1628.91,823.79,1614.18,809.95,29.72,21.64,ok,3
1009,4.201667,1,0.4895,1628.78,823.80,1614.02,809.55,29.35,22.00,ok,4
1010,4.205833,1,0.4825,1628.80,824.10,1614.01,809.40,29.30,22.38,ok,4
1011,4.210000,1,0.5504,1628.80,824.20,1613.95,809.11,29.43,22.76,ok,4
1012,4.214167,1,0.4042,1628.81,824.12,1613.90,808.69,29.28,23.10,ok,2
1013,4.218333,1,0.3700,1628.87,824.20,1613.81,808.47,29.28,23.44,ok,2
1014,4.222500,1,0.3668,1628.84,824.26,1613.62,808.20,29.38,23.81,ok,2
1015,4.226667,0,,,,,,,24.24,rejected-jump,1
1016,4.230833,1,0.3008,1628.70,824.32,1613.13,807.46,29.58,24.68,ok,2
1017,4.235000,0,,,,,,,25.13,rejected-jump,1
1018,4.239167,0,,,,,,,25.56,rejected-jump,1
1019,4.243333,1,0.3279,1629.48,825.06,1613.12,807.15,26.68,26.02,ok,3
1020,4.247500,1,0.4283,1629.17,824.62,1612.54,806.39,28.24,26.47,ok,2
1021,4.251667,0,,,,,,,26.86,rejected-jump,1
1022,4.255833,0,,,,,,,27.24,rejected-jump,1
1023,4.260000,0,,,,,,,27.54,rejected-jump,1
1024,4.264167,0,,,,,,,27.72,rejected-jump,1
1025,4.268333,0,,,,,,,27.83,rejected-jump,1
1026,4.272500,0,,,,,,,27.98,rejected-jump,1
1027,4.276667,0,,,,,,,28.10,rejected-size,1
1028,4.280833,0,,,,,,,28.19,rejected-size,1
1029,4.285000,0,,,,,,,28.15,rejected-size,1
1030,4.289167,0,,,,,,,28.13,rejected-size,1
1031,4.293333,0,,,,,,,28.11,rejected-size,1
1032,4.297500,0,,,,,,,28.09,rejected-size,1
1033,4.301667,0,,,,,,,28.11,rejected-size,2
1034,4.305833,0,,,,,,,28.14,rejected-size,2
1035,4.310000,0,,,,,,,28.17,rejected-size,2
1036,4.314167,0,,,,,,,28.20,rejected-size,2
1037,4.318333,0,,,,,,,28.27,rejected-size,4
1038,4.322500,0,,,,,,,28.33,rejected-size,2
1039,4.326667,0,,,,,,,28.34,rejected-size,3
1040,4.330833,0,,,,,,,28.33,rejected-size,3
1041,4.335000,0,,,,,,,28.23,rejected-size,3
1042,4.339167,0,,,,,,,28.11,rejected-size,3
1043,4.343333,0,,,,,,,28.00,rejected-size,4
1044,4.347500,0,,,,,,,27.89,rejected-size,3
1045,4.351667,0,,,,,,,27.78,rejected-size,4
1046,4.355833,0,,,,,,,27.68,rejected-size,2
1047,4.360000,1,0.2894,1628.75,824.62,1610.29,805.90,29.04,27.60,ok,4
1048,4.364167,1,0.3707,1628.71,824.93,1610.14,806.34,28.58,27.51,ok,4
1049,4.368333,1,0.3552,1628.73,824.93,1610.03,806.42,28.60,27.48,ok,3
1050,4.372500,1,0.4330,1628.61,824.97,1609.78,806.53,28.50,27.45,ok,4
1051,4.376667,1,0.4173,1628.60,825.25,1609.63,806.88,28.30,27.44,ok,4
1052,4.380833,1,0.3485,1628.54,825.06,1609.44,806.74,28.63,27.45,ok,4
1053,4.385000,1,0.2721,1628.48,825.24,1609.25,806.97,28.59,27.44,ok,5
1054,4.389167,0,,,,,,,27.45,rejected-jump,4
1055,4.393333,1,0.2606,1628.51,825.33,1609.07,807.16,28.53,27.45,ok,5
1056,4.397500,1,0.3469,1628.50,825.31,1609.00,807.20,28.59,27.43,ok,5
1057,4.401667,1,0.2671,1628.55,825.34,1609.04,807.32,28.56,27.35,ok,5
1058,4.405833,1,0.2803,1628.64,825.58,1609.13,807.68,28.26,27.26,ok,6
1059,4.410000,1,0.2667,1628.63,825.11,1609.17,807.33,28.88,27.14,ok,6
1060,4.414167,1,0.3006,1628.61,824.97,1609.21,807.32,29.14,26.99,ok,6
1061,4.418333,0,,,,,,,26.73,rejected-jump,4
1062,4.422500,0,,,,,,,26.46,rejected-size,3
1063,4.426667,0,,,,,,,26.10,rejected-size,3
1064,4.430833,0,,,,,,,25.74,rejected-size,3
1065,4.435000,0,,,,,,,25.37,rejected-size,2
1066,4.439167,1,0.2663,1628.48,824.18,1610.66,807.79,29.65,25.01,ok,2
1067,4.443333,0,,,,,,,24.66,rejected-jump,2
1068,4.447500,0,,,,,,,24.32,rejected-jump,2
1069,4.451667,0,,,,,,,23.99,rejected-jump,2
1070,4.455833,0,,,,,,,23.66,rejected-jump,1
1071,4.460000,1,0.3010,1628.37,824.09,1612.50,808.41,29.14,23.34,ok,3
1072,4.464167,1,0.4213,1629.04,824.31,1613.60,808.71,29.06,23.05,ok,3
1073,4.468333,1,0.4171,1629.18,824.28,1614.24,808.72,29.49,22.78,ok,3
1074,4.472500,1,0.3881,1629.14,824.39,1614.71,808.87,29.87,22.51,ok,3
1075,4.476667,1,0.3678,1629.28,824.41,1615.35,808.93,29.95,22.23,ok,4
1076,4.480833,1,0.2582,1629.36,824.43,1615.94,809.01,29.81,21.97,ok,5
1077,4.485000,1,0.3808,1629.31,824.26,1616.40,808.94,29.62,21.69,ok,6
1078,4.489167,1,0.5945,1629.11,824.28,1616.68,809.06,29.55,21.40,ok,5
1079,4.493333,1,0.5501,1629.20,824.24,1617.26,809.23,29.51,21.03,ok,5
1080,4.497500,0,,,,,,,20.66,rejected-jump,5
1081,4.501667,0,,,,,,,20.29,rejected-size,4
1082,4.505833,0,,,,,,,19.91,rejected-size,3
1083,4.510000,0,,,,,,,19.56,rejected-size,4
1084,4.514167,0,,,,,,,19.29,rejected-size,4
1085,4.518333,0,,,,,,,19.07,rejected-size,4
1086,4.522500,1,0.2863,1629.51,824.77,1619.97,811.24,29.42,18.86,ok,6
1087,4.526667,1,0.2615,1629.54,824.71,1620.19,811.30,29.56,18.69,ok,5
1088,4.530833,1,0.2582,1629.40,824.46,1620.24,811.16,29.72,18.54,ok,4
1089,4.535000,0,,,,,,,18.37,rejected-jump,4
1090,4.539167,0,,,,,,,18.19,rejected-size,4
1091,4.543333,0,,,,,,,17.98,rejected-size,5
1092,4.547500,1,0.3164,1629.85,823.89,1621.56,811.05,30.23,17.78,ok,7
1093,4.551667,1,0.2978,1629.74,823.82,1621.72,811.13,30.30,17.53,ok,6
1094,4.555833,1,0.3713,1629.74,823.98,1621.98,811.44,30.10,17.28,ok,4
1095,4.560000,1,0.4304,1629.63,823.99,1622.15,811.54,30.06,17.10,ok,4
1096,4.564167,1,0.5085,1629.75,824.06,1622.54,811.69,30.22,16.93,ok,4
1097,4.568333,1,0.4882,1629.80,824.05,1622.86,811.73,30.48,16.79,ok,8
1098,4.572500,1,0.5200,1629.78,824.14,1623.11,811.87,30.52,16.63,ok,5
1099,4.576667,1,0.5491,1629.74,824.21,1623.31,812.01,30.50,16.45,ok,6
1100,4.580833,1,0.5641,1629.68,824.24,1623.50,812.11,30.26,16.27,ok,5
1101,4.585000,1,0.5478,1629.71,824.24,1623.77,812.19,30.09,16.08,ok,5
1102,4.589167,1,0.5664,1629.80,824.32,1624.11,812.36,29.98,15.88,ok,4
1103,4.593333,1,0.4931,1629.97,824.33,1624.52,812.47,29.70,15.66,ok,5
1104,4.597500,1,0.3345,1630.14,824.32,1624.93,812.56,29.58,15.44,ok,6
1105,4.601667,1,0.3169,1630.08,824.18,1625.04,812.56,29.87,15.20,ok,6
1106,4.605833,1,0.4645,1630.11,824.19,1625.26,812.70,30.32,14.94,ok,7
1107,4.610000,1,0.5686,1630.00,824.20,1625.33,812.86,30.36,14.68,ok,8
1108,4.614167,1,0.6099,1629.90,824.32,1625.38,813.11,30.20,14.44,ok,7
1109,4.618333,1,0.5522,1629.97,824.33,1625.60,813.24,30.06,14.20,ok,7
1110,4.622500,1,0.3949,1630.16,824.43,1625.94,813.47,29.60,13.96,ok,6
1111,4.626667,1,0.2958,1630.31,824.34,1626.25,813.48,29.76,13.76,ok,5
1112,4.630833,1,0.3261,1630.49,824.30,1626.62,813.52,29.69,13.59,ok,5
1113,4.635000,0,,,,,,,13.42,rejected-jump,5
1114,4.639167,0,,,,,,,13.25,rejected-size,4
1115,4.643333,0,,,,,,,13.06,rejected-size,6
1116,4.647500,0,,,,,,,12.88,rejected-size,5
1117,4.651667,0,,,,,,,12.69,rejected-size,2
1118,4.655833,0,,,,,,,12.52,rejected-jump,1
1119,4.660000,0,,,,,,,12.39,rejected-size,1
1120,4.664167,0,,,,,,,12.27,rejected-size,1
1121,4.668333,0,,,,,,,12.18,rejected-size,1
1122,4.672500,0,,,,,,,12.13,rejected-size,1
1123,4.676667,0,,,,,,,12.18,rejected-size,2
1124,4.680833,0,,,,,,,12.31,rejected-size,2
1125,4.685000,0,,,,,,,12.48,rejected-size,1
1126,4.689167,0,,,,,,,12.71,rejected-size,2
1127,4.693333,0,,,,,,,12.97,rejected-size,1
1128,4.697500,0,,,,,,,13.27,rejected-size,1
1129,4.701667,0,,,,,,,13.69,rejected-size,1
1130,4.705833,0,,,,,,,14.15,rejected-size,2
1131,4.710000,0,,,,,,,14.72,rejected-size,3
1132,4.714167,0,,,,,,,15.31,rejected-size,3
1133,4.718333,0,,,,,,,15.94,rejected-size,3
1134,4.722500,1,0.2582,1631.62,824.52,1639.77,814.51,29.89,16.58,ok,3
1135,4.726667,0,,,,,,,17.19,rejected-jump,3
1136,4.730833,0,,,,,,,17.76,rejected-jump,2
1137,4.735000,0,,,,,,,18.30,rejected-jump,2
1138,4.739167,0,,,,,,,18.83,rejected-jump,2
1139,4.743333,0,,,,,,,19.32,rejected-jump,2
1140,4.747500,0,,,,,,,19.80,rejected-jump,1
1141,4.751667,0,,,,,,,20.21,rejected-size,1
1142,4.755833,0,,,,,,,20.59,rejected-size,1
1143,4.760000,0,,,,,,,20.90,rejected-size,2
1144,4.764167,0,,,,,,,21.19,rejected-size,2
1145,4.768333,0,,,,,,,21.44,rejected-size,2
1146,4.772500,0,,,,,,,21.69,rejected-size,2
1147,4.776667,0,,,,,,,21.95,rejected-size,3
1148,4.780833,0,,,,,,,22.18,rejected-size,2
1149,4.785000,1,0.2581,1632.66,824.73,1645.33,813.27,30.15,22.40,ok,4
1150,4.789167,1,0.2765,1632.64,824.80,1645.33,813.28,30.17,22.59,ok,4
1151,4.793333,1,0.2985,1632.63,824.84,1645.35,813.22,30.21,22.77,ok,5
1152,4.797500,1,0.3033,1632.63,824.87,1645.38,813.16,30.26,22.94,ok,5
1153,4.801667,1,0.3618,1632.74,824.86,1645.45,813.03,30.37,23.08,ok,5
1154,4.805833,1,0.3623,1632.80,824.76,1645.47,812.81,30.47,23.22,ok,5
1155,4.810000,1,0.3259,1632.87,824.72,1645.46,812.64,30.44,23.33,ok,5
1156,4.814167,1,0.3513,1632.92,824.65,1645.41,812.43,30.45,23.44,ok,3
1157,4.818333,1,0.3989,1632.97,824.46,1645.32,812.08,30.71,23.51,ok,4
1158,4.822500,1,0.3222,1633.03,824.45,1645.25,811.92,30.58,23.59,ok,5
1159,4.826667,1,0.3552,1633.10,824.55,1645.16,811.96,30.52,23.57,ok,6
1160,4.830833,1,0.3941,1633.04,824.68,1644.95,812.04,30.56,23.57,ok,5
1161,4.835000,1,0.3727,1632.81,824.66,1644.62,811.89,30.37,23.62,ok,4
1162,4.839583,1,0.3440,1632.60,824.52,1644.27,811.70,30.22,23.59,ok,4
1163,4.843750,1,0.3161,1632.37,824.47,1643.90,811.68,30.24,23.48,ok,4
1164,4.847917,1,0.2555,1632.29,824.48,1643.60,811.74,30.17,23.32,ok,3
1165,4.852083,0,,,,,,,23.12,rejected-jump,2
1166,4.856250,0,,,,,,,22.92,rejected-size,2
1167,4.860417,0,,,,,,,22.74,rejected-jump,2
1168,4.864583,0,,,,,,,22.56,rejected-jump,3
1169,4.868750,0,,,,,,,22.31,rejected-size,4
1170,4.872917,0,,,,,,,22.03,rejected-jump,2
1171,4.877083,0,,,,,,,21.72,rejected-size,2
1172,4.881250,1,0.2864,1632.34,824.97,1641.48,813.30,30.01,21.41,ok,2
1173,4.885417,0,,,,,,,21.13,rejected-jump,5
1174,4.889583,0,,,,,,,20.84,rejected-size,4
1175,4.893750,0,,,,,,,20.57,rejected-size,4
1176,4.897917,0,,,,,,,20.31,rejected-size,2
1177,4.902083,0,,,,,,,20.10,rejected-size,2
1178,4.906250,1,0.3819,1632.26,824.99,1640.30,814.61,29.63,19.89,ok,3
1179,4.910417,1,0.3081,1632.22,824.95,1640.10,814.75,29.59,19.70,ok,3
1180,4.914583,1,0.2685,1632.23,824.90,1639.93,814.86,29.61,19.51,ok,3
1181,4.918750,0,,,,,,,19.35,rejected-jump,2
1182,4.922917,0,,,,,,,19.21,rejected-size,2
1183,4.927083,0,,,,,,,19.12,rejected-size,3
1184,4.931250,0,,,,,,,19.07,rejected-size,3
1185,4.935417,0,,,,,,,19.03,rejected-size,3
1186,4.939583,0,,,,,,,19.00,rejected-jump,1
1187,4.943750,0,,,,,,,19.05,rejected-size,1
1188,4.947917,0,,,,,,,19.12,rejected-size,1
1189,4.952083,0,,,,,,,19.28,rejected-size,1
1190,4.956250,1,0.3363,1632.42,824.69,1641.43,816.50,29.67,19.48,ok,2
1191,4.960417,1,0.2691,1632.53,824.60,1642.08,816.62,30.17,19.77,ok,3
1192,4.964583,0,,,,,,,20.10,rejected-jump,4
1193,4.968750,0,,,,,,,20.54,rejected-jump,1
1194,4.972917,0,,,,,,,21.03,rejected-jump,1
1195,4.977083,0,,,,,,,21.58,rejected-jump,2
1196,4.981250,0,,,,,,,22.11,rejected-jump,2
1197,4.985417,0,,,,,,,22.64,rejected-jump,1
1198,4.989583,0,,,,,,,23.22,rejected-size,3
1199,4.993750,0,,,,,,,23.81,rejected-size,1
1200,4.997917,0,,,,,,,24.37,rejected-size,1
1201,5.002083,0,,,,,,,24.94,rejected-size,1
1202,5.006250,0,,,,,,,25.53,rejected-size,1
1203,5.010417,0,,,,,,,26.06,rejected-size,2
1204,5.014583,0,,,,,,,26.61,rejected-size,3
1205,5.018750,0,,,,,,,27.10,rejected-size,3
1206,5.022917,1,0.2601,1634.37,825.30,1652.86,818.92,30.11,27.59,ok,2
1207,5.027083,1,0.2692,1634.61,825.42,1653.56,819.15,30.18,28.05,ok,2
1208,5.031250,1,0.2682,1634.66,825.16,1654.02,818.97,30.49,28.43,ok,3
1209,5.035417,1,0.3449,1634.46,825.16,1654.14,818.98,30.41,28.77,ok,2
1210,5.039583,1,0.4194,1634.32,825.10,1654.29,818.93,30.41,29.09,ok,2
1211,5.043750,1,0.4977,1634.24,824.96,1654.41,818.81,30.45,29.33,ok,2
1212,5.047917,1,0.5614,1634.28,824.87,1654.56,818.72,30.55,29.45,ok,2
1213,5.052083,1,0.5838,1634.29,824.84,1654.55,818.69,30.45,29.48,ok,4
1214,5.056250,1,0.6343,1634.33,824.87,1654.58,818.73,30.39,29.48,ok,4
1215,5.060417,1,0.5695,1634.35,824.91,1654.49,818.76,30.33,29.40,ok,3
1216,5.064583,1,0.4529,1634.34,824.97,1654.35,818.81,30.25,29.29,ok,3
1217,5.068750,1,0.3009,1634.38,824.93,1654.18,818.78,30.28,29.07,ok,3
1218,5.072917,0,,,,,,,28.84,rejected-jump,1
1219,5.077083,0,,,,,,,28.52,rejected-jump,1
1220,5.081250,1,0.3124,1634.61,825.08,1653.59,819.14,30.46,28.13,ok,3
1221,5.085417,1,0.2571,1634.63,824.99,1653.28,819.06,30.70,27.78,ok,3
1222,5.089583,0,,,,,,,27.40,rejected-jump,1
1223,5.093750,0,,,,,,,27.04,rejected-size,3
1224,5.097917,1,0.3680,1634.15,825.35,1651.68,819.10,30.48,26.67,ok,4
1225,5.102083,0,,,,,,,26.34,rejected-jump,1
1226,5.106250,0,,,,,,,25.99,rejected-jump,1
1227,5.110417,0,,,,,,,25.66,rejected-jump,1
1228,5.114583,0,,,,,,,25.36,rejected-jump,1
1229,5.118750,0,,,,,,,25.13,rejected-jump,1
1230,5.122917,0,,,,,,,24.90,rejected-jump,1
1231,5.127083,0,,,,,,,24.81,rejected-size,1
1232,5.131250,0,,,,,,,24.74,rejected-size,1
1233,5.135417,0,,,,,,,24.72,rejected-size,3
1234,5.139583,0,,,,,,,24.71,rejected-size,4
1235,5.143750,0,,,,,,,24.73,rejected-size,4
1236,5.147917,0,,,,,,,24.75,rejected-size,3
1237,5.152083,0,,,,,,,24.82,rejected-size,4
1238,5.156250,0,,,,,,,24.90,rejected-size,3
1239,5.160417,0,,,,,,,25.00,rejected-size,4
1240,5.164583,0,,,,,,,25.11,rejected-size,3
1241,5.168750,0,,,,,,,25.22,rejected-size,4
1242,5.172917,0,,,,,,,25.34,rejected-size,4
1243,5.177083,0,,,,,,,25.53,rejected-size,4
1244,5.181250,0,,,,,,,25.71,rejected-size,3
1245,5.185417,1,0.2655,1633.61,824.97,1645.94,813.34,30.48,25.95,ok,5
1246,5.189583,1,0.3310,1633.60,825.15,1645.98,813.34,30.42,26.20,ok,7
1247,5.193750,1,0.2828,1633.77,825.16,1646.25,813.16,30.42,26.48,ok,6
1248,5.197917,0,,,,,,,26.77,rejected-jump,4
1249,5.202083,0,,,,,,,27.16,rejected-size,5
1250,5.206250,1,0.3750,1633.89,825.32,1646.85,812.63,30.45,27.56,ok,5
1251,5.210417,1,0.4081,1633.89,825.48,1647.08,812.50,30.22,28.02,ok,7
1252,5.214583,1,0.5802,1633.73,825.24,1647.17,811.96,30.40,28.47,ok,3
1253,5.218750,1,0.7243,1633.62,825.02,1647.31,811.43,30.80,28.93,ok,5
1254,5.222917,1,0.6926,1633.67,825.08,1647.62,811.16,30.71,29.41,ok,4
1255,5.227083,1,0.6471,1633.84,825.15,1647.98,810.86,30.53,29.88,ok,4
1256,5.231250,1,0.5485,1633.95,824.88,1648.28,810.21,30.52,30.34,ok,4
1257,5.235417,1,0.4577,1633.68,825.01,1648.14,809.96,30.08,30.75,ok,3
1258,5.239583,1,0.2861,1633.85,825.08,1648.44,809.65,29.82,31.17,ok,3
1259,5.243750,1,0.5084,1633.84,825.10,1648.55,809.22,29.92,31.61,ok,3
1260,5.247917,1,0.5148,1633.80,825.14,1648.61,808.79,29.66,32.04,ok,2
1261,5.252083,1,0.5822,1634.02,825.33,1648.89,808.47,29.62,32.48,ok,3
1262,5.256250,1,0.5575,1634.17,825.75,1649.09,808.38,29.57,32.89,ok,2
1263,5.260417,1,0.5423,1634.08,825.66,1648.94,807.74,29.84,33.28,ok,2
1264,5.264583,1,0.3723,1633.98,825.53,1648.79,807.08,29.41,33.67,ok,2
1265,5.268750,1,0.4733,1634.07,825.93,1648.73,806.98,29.01,34.00,ok,3
1266,5.272917,1,0.3538,1634.10,825.82,1648.61,806.38,29.21,34.32,ok,3
1267,5.277083,0,,,,,,,34.55,rejected-jump,2
1268,5.281250,0,,,,,,,34.76,rejected-jump,2
1269,5.285417,0,,,,,,,34.95,rejected-jump,2
1270,5.289583,0,,,,,,,35.12,rejected-jump,1
1271,5.293750,0,,,,,,,35.24,rejected-size,2
1272,5.297917,1,0.3709,1633.85,825.60,1647.16,804.27,30.27,35.37,ok,3
1273,5.302083,1,0.3009,1633.74,825.37,1646.83,803.85,30.26,35.40,ok,3
1274,5.306250,1,0.3641,1633.88,825.32,1646.74,803.63,30.08,35.43,ok,3
1275,5.310417,1,0.3088,1633.80,825.37,1646.39,803.57,29.92,35.39,ok,3
1276,5.314583,1,0.4366,1633.89,825.46,1646.20,803.58,29.87,35.32,ok,3
1277,5.318750,1,0.3343,1633.88,825.36,1645.91,803.44,29.97,35.23,ok,4
1278,5.322917,1,0.3198,1633.81,825.09,1645.55,803.14,30.11,35.13,ok,4
1279,5.327083,1,0.2574,1633.91,825.17,1645.41,803.17,30.22,35.07,ok,4
1280,5.331250,0,,,,,,,35.02,rejected-jump,3
1281,5.335417,0,,,,,,,34.97,rejected-size,3
1282,5.339583,0,,,,,,,34.93,rejected-size,3
1283,5.343750,0,,,,,,,34.90,rejected-size,4
1284,5.347917,0,,,,,,,34.88,rejected-size,3
1285,5.352083,0,,,,,,,34.90,rejected-jump,2
1286,5.356250,1,0.2718,1633.09,825.51,1643.29,803.05,29.61,34.93,ok,3
1287,5.360417,0,,,,,,,34.96,rejected-jump,3
1288,5.364583,0,,,,,,,35.00,rejected-jump,2
1289,5.368750,0,,,,,,,35.03,rejected-size,2
1290,5.372917,0,,,,,,,35.04,rejected-size,3
1291,5.377083,0,,,,,,,35.04,rejected-size,3
1292,5.381250,0,,,,,,,35.04,rejected-size,3
1293,5.385417,0,,,,,,,35.03,rejected-size,2
1294,5.389583,0,,,,,,,35.02,rejected-size,1
1295,5.393750,0,,,,,,,34.97,rejected-size,2
1296,5.397917,1,0.2528,1632.80,825.31,1642.57,802.40,28.86,34.92,ok,3
1297,5.402083,0,,,,,,,34.83,rejected-jump,3
1298,5.406250,0,,,,,,,34.79,rejected-size,4
1299,5.410417,0,,,,,,,34.73,rejected-jump,2
1300,5.414583,0,,,,,,,34.66,rejected-jump,1
1301,5.418750,1,0.2749,1632.30,825.62,1642.08,803.07,27.95,34.49,ok,4
1302,5.422917,1,0.3039,1631.88,825.97,1641.66,803.65,26.98,34.31,ok,3
1303,5.427083,1,0.3202,1632.42,825.35,1642.15,803.27,28.14,34.09,ok,3
1304,5.431250,1,0.2997,1633.02,824.99,1642.77,803.03,29.27,34.02,ok,3
1305,5.435417,0,,,,,,,33.90,rejected-jump,2
1306,5.439583,0,,,,,,,33.77,rejected-size,2
1307,5.443750,0,,,,,,,33.61,rejected-size,3
1308,5.447917,0,,,,,,,33.43,rejected-size,5
1309,5.452083,0,,,,,,,33.31,rejected-size,6
1310,5.456250,0,,,,,,,33.21,rejected-size,6
1311,5.460417,0,,,,,,,33.11,rejected-size,8
1312,5.464583,0,,,,,,,33.02,rejected-size,7
1313,5.468750,0,,,,,,,32.93,rejected-size,7
1314,5.472917,0,,,,,,,32.85,rejected-size,5
1315,5.477083,1,0.4371,1633.76,825.24,1645.41,805.90,30.00,32.83,ok,6
1316,5.481250,1,0.5109,1633.83,825.42,1645.88,806.32,29.93,32.83,ok,5
1317,5.485417,1,0.4033,1634.00,825.43,1646.48,806.58,30.10,32.84,ok,6
1318,5.489583,1,0.4899,1633.96,825.36,1646.87,806.75,30.16,32.86,ok,4
1319,5.493750,1,0.5391,1634.15,825.26,1647.48,806.90,29.51,32.89,ok,3
1320,5.497917,1,0.6043,1634.14,825.21,1647.84,807.07,29.61,32.90,ok,2
1321,5.502083,1,0.4781,1634.16,825.25,1648.11,807.28,29.92,32.92,ok,2
1322,5.506250,1,0.4591,1634.27,825.35,1648.49,807.50,29.84,32.95,ok,4
1323,5.510417,1,0.5008,1634.39,825.42,1648.81,807.67,29.91,32.97,ok,4
1324,5.514583,1,0.4791,1634.48,825.43,1649.04,807.75,29.84,32.95,ok,4
1325,5.518750,1,0.4463,1634.54,825.39,1649.09,807.73,29.80,32.91,ok,5
1326,5.522917,1,0.4406,1634.47,825.41,1648.99,807.75,29.91,32.86,ok,4
1327,5.527083,1,0.4346,1634.27,825.44,1648.59,807.79,29.98,32.72,ok,6
1328,5.531250,1,0.3854,1634.20,825.43,1648.30,807.80,30.00,32.56,ok,6
1329,5.535417,1,0.5098,1634.15,825.40,1647.96,807.80,30.05,32.36,ok,4
1330,5.539583,1,0.6985,1634.01,825.24,1647.55,807.67,29.70,32.15,ok,4
1331,5.543750,1,0.6598,1633.97,825.22,1647.22,807.68,29.39,31.93,ok,4
1332,5.547917,1,0.6517,1633.93,825.15,1646.91,807.64,29.47,31.73,ok,4
1333,5.552083,1,0.6469,1634.01,825.24,1646.78,807.81,29.62,31.51,ok,5
1334,5.556250,1,0.5653,1634.11,825.21,1646.65,807.88,29.77,31.27,ok,4
1335,5.560417,1,0.5680,1634.07,825.07,1646.42,807.85,29.93,31.04,ok,4
1336,5.564583,1,0.6080,1634.05,824.97,1646.23,807.86,30.04,30.81,ok,4
1337,5.568750,1,0.6467,1634.05,824.90,1646.04,807.91,30.13,30.57,ok,4
1338,5.572917,1,0.6942,1633.98,824.92,1645.79,808.03,30.21,30.37,ok,4
1339,5.577083,1,0.6201,1633.93,824.91,1645.56,808.13,30.43,30.16,ok,4
1340,5.581250,1,0.5390,1633.94,824.78,1645.43,808.11,30.51,29.99,ok,5
1341,5.585417,1,0.4334,1633.99,824.73,1645.32,808.15,30.28,29.85,ok,4
1342,5.589583,1,0.3828,1634.01,824.67,1645.20,808.18,30.06,29.71,ok,3
1343,5.593750,1,0.3343,1633.83,824.64,1644.85,808.16,29.77,29.62,ok,3
1344,5.597917,1,0.3297,1633.85,824.66,1644.76,808.21,29.62,29.57,ok,3
1345,5.602083,1,0.3497,1633.67,824.66,1644.43,808.17,29.59,29.54,ok,4
1346,5.606250,1,0.3092,1633.35,824.66,1643.94,808.14,29.58,29.51,ok,3
1347,5.610417,0,,,,,,,29.49,rejected-jump,3
1348,5.614583,0,,,,,,,29.47,rejected-jump,2
1349,5.618750,0,,,,,,,29.49,rejected-jump,2
1350,5.622917,0,,,,,,,29.54,rejected-jump,3
1351,5.627083,1,0.3155,1633.25,825.00,1643.03,807.95,29.46,29.65,ok,5
1352,5.631250,1,0.3708,1633.45,824.95,1643.08,807.69,29.49,29.76,ok,5
1353,5.635417,1,0.4830,1633.45,825.04,1642.97,807.59,29.59,29.86,ok,5
1354,5.639583,1,0.5448,1633.43,825.03,1642.82,807.38,29.71,29.96,ok,5
1355,5.643750,1,0.5100,1633.46,825.02,1642.79,807.19,29.49,30.08,ok,6
1356,5.647917,1,0.4571,1633.54,825.32,1642.80,807.35,28.70,30.18,ok,4
1357,5.652083,1,0.4514,1633.54,825.39,1642.82,807.30,28.50,30.30,ok,5
1358,5.656250,1,0.4959,1633.62,825.38,1642.92,807.19,28.50,30.40,ok,6
1359,5.660417,1,0.4480,1633.59,825.26,1642.91,806.98,28.90,30.51,ok,6
1360,5.664583,1,0.3757,1633.58,825.14,1642.93,806.77,29.32,30.63,ok,5
1361,5.668750,1,0.4246,1633.59,825.23,1643.04,806.75,29.07,30.78,ok,6
1362,5.672917,1,0.3934,1633.63,825.31,1643.18,806.72,28.96,30.94,ok,6
1363,5.677083,1,0.4274,1633.65,825.41,1643.32,806.70,28.45,31.11,ok,7
1364,5.681250,1,0.4968,1633.57,825.37,1643.34,806.55,28.76,31.27,ok,7
1365,5.685417,1,0.4419,1633.38,825.34,1643.26,806.41,28.96,31.44,ok,6
1366,5.689583,1,0.4451,1633.16,825.22,1643.18,806.18,29.55,31.63,ok,5
1367,5.693750,1,0.4151,1632.99,825.03,1643.14,805.80,29.89,31.87,ok,7
1368,5.697917,0,,,,,,,32.12,rejected-jump,5
1369,5.702083,0,,,,,,,32.41,rejected-size,6
1370,5.706250,0,,,,,,,32.70,rejected-size,5
1371,5.710417,1,0.2526,1633.49,824.69,1644.24,804.54,30.63,33.01,ok,6
1372,5.714583,0,,,,,,,33.31,rejected-jump,5
1373,5.718750,0,,,,,,,33.65,rejected-size,6
1374,5.722917,1,0.2983,1634.02,824.67,1645.26,803.64,30.77,34.00,ok,5
1375,5.727083,1,0.4529,1634.06,825.21,1645.47,803.90,30.35,34.34,ok,5
1376,5.731250,1,0.4587,1634.06,825.21,1645.66,803.60,30.24,34.68,ok,6
1377,5.735417,1,0.3749,1634.07,825.61,1645.86,803.69,29.73,35.03,ok,5
1378,5.739583,1,0.3175,1633.90,825.45,1645.90,803.22,29.80,35.39,ok,4
1379,5.743750,1,0.3307,1634.06,825.40,1646.27,802.92,29.84,35.70,ok,4
1380,5.747917,1,0.3080,1634.32,825.12,1646.72,802.40,29.87,35.99,ok,3
1381,5.752083,1,0.2967,1634.30,824.82,1646.94,801.89,30.17,36.27,ok,3
1382,5.756250,1,0.2824,1634.16,824.96,1647.03,801.81,30.20,36.54,ok,5
1383,5.760417,0,,,,,,,36.84,rejected-jump,3
1384,5.764583,1,0.2533,1633.84,825.42,1647.25,801.85,30.15,37.14,ok,3
1385,5.768750,0,,,,,,,37.37,rejected-jump,2
1386,5.772917,1,0.2702,1633.82,825.11,1647.72,801.32,30.39,37.60,ok,4
1387,5.777083,0,,,,,,,37.83,rejected-jump,3
1388,5.781250,0,,,,,,,38.07,rejected-jump,3
1389,5.785417,0,,,,,,,38.36,rejected-jump,2
1390,5.789583,1,0.2639,1633.95,824.89,1648.76,800.60,29.98,38.65,ok,3
1391,5.793750,1,0.2794,1634.03,825.03,1649.07,800.61,30.13,38.94,ok,3
1392,5.797917,0,,,,,,,39.23,rejected-jump,1
1393,5.802083,0,,,,,,,39.55,rejected-jump,2
1394,5.806250,0,,,,,,,39.89,rejected-jump,2
1395,5.810417,0,,,,,,,40.24,rejected-jump,2
1396,5.814583,0,,,,,,,40.57,rejected-jump,2
1397,5.818750,0,,,,,,,41.04,rejected-jump,2
1398,5.822917,0,,,,,,,41.50,rejected-size,1
1399,5.827083,0,,,,,,,41.82,rejected-size,1
1400,5.831250,0,,,,,,,42.09,rejected-size,1
1401,5.835417,0,,,,,,,42.30,rejected-size,2
1402,5.839583,0,,,,,,,42.53,rejected-size,1
1403,5.843750,0,,,,,,,42.82,rejected-size,1
1404,5.847917,1,0.3459,1634.93,825.80,1653.43,799.36,30.52,43.11,ok,2
1405,5.852083,1,0.3635,1634.91,825.82,1653.61,799.24,30.34,43.33,ok,3
1406,5.856250,1,0.3695,1634.94,825.70,1653.82,798.99,30.27,43.52,ok,3
1407,5.860417,1,0.3735,1634.97,825.39,1653.97,798.59,30.59,43.67,ok,3
1408,5.864583,1,0.4072,1634.94,825.07,1654.06,798.16,30.69,43.79,ok,3
1409,5.868750,1,0.4760,1635.01,825.12,1654.19,798.07,30.43,43.92,ok,3
1410,5.872917,1,0.4758,1635.11,825.10,1654.33,797.91,30.33,44.02,ok,5
1411,5.877083,1,0.4631,1635.11,825.01,1654.31,797.74,30.37,44.08,ok,5
1412,5.881250,1,0.4614,1635.12,824.97,1654.30,797.60,30.39,44.13,ok,5
1413,5.885417,1,0.3927,1635.20,824.92,1654.28,797.43,30.47,44.17,ok,6
1414,5.889583,1,0.3722,1635.26,824.89,1654.23,797.28,30.56,44.19,ok,5
1415,5.893750,1,0.3223,1635.33,825.03,1654.17,797.30,30.53,44.21,ok,6
1416,5.897917,1,0.2510,1635.28,825.03,1653.99,797.20,30.74,44.22,ok,5
1417,5.902083,1,0.2879,1635.06,825.30,1653.62,797.40,30.56,44.17,ok,5
1418,5.906250,1,0.3049,1635.02,825.40,1653.44,797.45,30.45,44.12,ok,5
1419,5.910417,1,0.2715,1634.87,825.46,1653.11,797.46,30.38,44.05,ok,5
1420,5.915000,1,0.2649,1634.66,825.51,1652.70,797.45,30.21,43.96,ok,5
1421,5.919167,0,,,,,,,43.84,rejected-jump,4
1422,5.923333,0,,,,,,,43.72,rejected-size,4
1423,5.927500,0,,,,,,,43.53,rejected-size,4
1424,5.931667,0,,,,,,,43.35,rejected-size,4
1425,5.935833,0,,,,,,,43.20,rejected-size,4
1426,5.940000,0,,,,,,,43.06,rejected-size,4
1427,5.944167,0,,,,,,,43.00,rejected-size,4
1428,5.948333,1,0.2685,1634.61,825.26,1651.95,798.06,30.25,42.95,ok,5
1429,5.952500,1,0.2698,1634.59,825.00,1652.06,797.93,30.42,42.95,ok,6
1430,5.956667,1,0.3391,1634.65,825.12,1652.26,798.19,30.42,42.97,ok,5
1431,5.960833,1,0.4837,1634.76,825.73,1652.54,798.93,30.00,43.01,ok,6
1432,5.965000,1,0.5154,1634.87,825.72,1652.86,799.03,30.02,43.07,ok,5
1433,5.969167,1,0.4124,1635.02,825.72,1653.25,799.21,30.18,43.15,ok,5
1434,5.973333,1,0.3078,1635.12,825.77,1653.60,799.44,30.17,43.23,ok,2
1435,5.977500,1,0.2917,1635.13,825.80,1653.89,799.57,30.13,43.39,ok,3
1436,5.981667,1,0.3219,1635.06,825.77,1654.09,799.62,30.07,43.56,ok,4
1437,5.985833,1,0.3783,1635.15,825.76,1654.48,799.66,30.21,43.77,ok,4
1438,5.990000,1,0.4690,1635.14,825.62,1654.78,799.57,30.69,43.99,ok,4
1439,5.994167,1,0.5371,1635.03,825.65,1654.94,799.63,30.79,44.18,ok,4
1440,5.998333,1,0.5771,1635.10,825.60,1655.17,799.66,30.86,44.32,ok,4
1441,6.002500,1,0.5097,1635.09,825.48,1655.29,799.55,30.98,44.45,ok,5
1442,6.006667,1,0.4675,1635.16,825.44,1655.48,799.53,31.05,44.57,ok,4
1443,6.010833,1,0.5089,1635.16,825.49,1655.49,799.53,31.02,44.68,ok,6
1444,6.015000,1,0.4779,1635.17,825.31,1655.49,799.31,30.95,44.78,ok,4
1445,6.019167,1,0.5174,1635.10,825.42,1655.32,799.37,30.89,44.80,ok,5
1446,6.023333,1,0.5492,1635.05,825.49,1655.17,799.40,30.85,44.81,ok,5
1447,6.027500,1,0.5306,1635.00,825.47,1654.97,799.40,30.82,44.71,ok,5
1448,6.031667,1,0.5210,1635.03,825.45,1654.81,799.40,30.91,44.59,ok,5
1449,6.035833,1,0.5564,1635.22,825.41,1654.78,799.47,30.84,44.36,ok,6
1450,6.040000,1,0.6282,1635.22,825.48,1654.56,799.65,30.42,44.13,ok,4
1451,6.044167,1,0.5834,1635.26,825.43,1654.44,799.71,30.49,43.88,ok,3
1452,6.048333,1,0.5644,1635.39,825.40,1654.39,799.80,30.51,43.62,ok,3
1453,6.052500,1,0.4589,1635.39,825.42,1654.22,799.98,30.43,43.31,ok,3
1454,6.056667,1,0.3759,1635.37,825.27,1654.03,800.00,30.54,42.99,ok,4
1455,6.060833,1,0.2736,1635.37,825.30,1653.84,800.22,30.54,42.66,ok,6
1456,6.065000,0,,,,,,,42.34,rejected-jump,5
1457,6.069167,0,,,,,,,42.09,rejected-size,4
1458,6.073333,0,,,,,,,41.85,rejected-size,4
1459,6.077500,0,,,,,,,41.70,rejected-size,2
1460,6.081667,0,,,,,,,41.56,rejected-size,2
1461,6.085833,0,,,,,,,41.47,rejected-size,2
1462,6.090000,0,,,,,,,41.41,rejected-size,2
1463,6.094167,0,,,,,,,41.40,rejected-size,2
1464,6.098333,0,,,,,,,41.41,rejected-size,2
1465,6.102500,0,,,,,,,41.52,rejected-size,2
1466,6.106667,0,,,,,,,41.66,rejected-size,4
1467,6.110833,0,,,,,,,41.86,rejected-size,4
1468,6.115000,0,,,,,,,42.07,rejected-size,4
1469,6.119167,0,,,,,,,42.32,rejected-size,5
1470,6.123333,0,,,,,,,42.56,rejected-size,3
1471,6.127500,1,0.3258,1635.33,825.60,1653.82,799.74,30.22,42.87,ok,4
1472,6.131667,1,0.3974,1635.35,825.67,1653.99,799.55,30.15,43.18,ok,3
1473,6.135833,1,0.5437,1635.40,825.68,1654.16,799.25,30.11,43.50,ok,5
1474,6.140000,1,0.5077,1635.48,825.58,1654.36,798.83,29.84,43.83,ok,5
1475,6.144167,1,0.3435,1635.53,824.99,1654.48,797.92,30.29,44.13,ok,7
1476,6.148333,1,0.3516,1635.58,824.67,1654.56,797.30,30.56,44.40,ok,5
1477,6.152500,1,0.5041,1635.52,824.99,1654.48,797.26,30.36,44.65,ok,7
1478,6.156667,1,0.4943,1635.41,825.33,1654.35,797.23,30.29,44.91,ok,7
1479,6.160833,1,0.4058,1635.33,825.42,1654.24,796.97,30.51,45.14,ok,7
1480,6.165000,1,0.4360,1635.28,825.49,1654.17,796.71,30.33,45.36,ok,6
1481,6.169167,1,0.5023,1635.32,825.44,1654.20,796.24,30.34,45.67,ok,7
1482,6.173333,1,0.6200,1635.23,825.24,1654.12,795.67,30.19,45.95,ok,8
1483,6.177500,1,0.6171,1635.20,825.21,1654.08,795.38,30.30,46.14,ok,9
1484,6.181667,1,0.4670,1635.14,825.17,1654.03,795.08,30.43,46.32,ok,9
1485,6.185833,1,0.5283,1635.13,825.04,1654.05,794.71,30.53,46.49,ok,9
1486,6.190000,1,0.6012,1635.15,825.13,1654.11,794.56,30.45,46.67,ok,10
1487,6.194167,1,0.5497,1635.22,825.19,1654.28,794.39,30.37,46.87,ok,10
1488,6.198333,1,0.4658,1635.26,825.14,1654.41,794.12,30.21,47.07,ok,8
1489,6.202500,1,0.5492,1635.27,825.16,1654.51,793.98,30.17,47.25,ok,7
1490,6.206667,1,0.5967,1635.24,825.10,1654.53,793.82,30.37,47.37,ok,8
1491,6.210833,1,0.5873,1635.24,825.06,1654.59,793.69,30.18,47.51,ok,6
1492,6.215000,1,0.5971,1635.20,825.15,1654.58,793.71,30.08,47.61,ok,6
1493,6.219167,1,0.5836,1635.11,825.24,1654.54,793.74,30.16,47.74,ok,6
1494,6.223333,1,0.6405,1635.13,825.22,1654.65,793.67,30.18,47.90,ok,6
1495,6.227500,1,0.6928,1635.11,825.39,1654.82,793.75,30.32,48.13,ok,3
1496,6.231667,1,0.7003,1635.16,825.54,1655.12,793.83,30.38,48.37,ok,3
1497,6.235833,1,0.5179,1635.14,825.56,1655.40,793.86,30.28,48.56,ok,5
1498,6.240000,1,0.4727,1635.16,825.34,1655.76,793.65,30.25,48.76,ok,5
1499,6.244167,1,0.4248,1635.12,825.33,1656.05,793.66,29.98,48.94,ok,6
1500,6.248333,1,0.5209,1635.27,825.33,1656.50,793.69,30.09,49.12,ok,6
1501,6.252500,1,0.3520,1635.28,825.17,1656.77,793.51,30.20,49.26,ok,6
1502,6.256667,1,0.3441,1635.34,825.09,1657.08,793.42,30.32,49.41,ok,6
1503,6.260833,1,0.4173,1635.47,825.04,1657.41,793.35,30.25,49.53,ok,5
1504,6.265000,1,0.4191,1635.54,824.99,1657.65,793.26,30.11,49.64,ok,5
1505,6.269167,1,0.4644,1635.59,825.03,1657.82,793.19,30.05,49.77,ok,7
1506,6.273333,1,0.4950,1635.61,825.05,1657.95,793.04,30.14,49.93,ok,6
1507,6.277500,1,0.4703,1635.66,825.18,1658.05,792.99,30.05,50.06,ok,6
1508,6.281667,1,0.4360,1635.68,825.25,1658.11,792.92,30.06,50.15,ok,5
1509,6.285833,1,0.5098,1635.82,825.38,1658.22,792.89,29.90,50.21,ok,6
1510,6.290000,1,0.5009,1635.84,825.45,1658.23,792.89,29.91,50.23,ok,6
1511,6.294167,1,0.4882,1635.86,825.48,1658.23,792.82,29.85,50.26,ok,6
1512,6.298333,1,0.4449,1635.87,825.56,1658.23,792.78,29.71,50.30,ok,7
1513,6.302500,1,0.3971,1635.90,825.61,1658.32,792.75,29.64,50.34,ok,7
1514,6.306667,1,0.3787,1635.91,825.55,1658.38,792.64,29.68,50.36,ok,7
1515,6.310833,1,0.3724,1635.89,825.52,1658.41,792.57,29.70,50.38,ok,5
1516,6.315000,1,0.3801,1635.88,825.49,1658.46,792.49,29.74,50.39,ok,6
1517,6.319167,1,0.3117,1635.77,825.56,1658.45,792.58,29.61,50.39,ok,5
1518,6.323333,1,0.2971,1635.78,825.57,1658.52,792.59,29.66,50.37,ok,5
1519,6.327500,1,0.2561,1635.74,825.62,1658.54,792.65,29.57,50.34,ok,5
1520,6.331667,0,,,,,,,50.31,rejected-jump,4
1521,6.335833,1,0.2541,1635.72,825.60,1658.62,792.70,29.67,50.24,ok,5
1522,6.340000,1,0.2559,1635.71,825.51,1658.65,792.68,29.84,50.16,ok,6
1523,6.344167,1,0.2738,1635.68,825.49,1658.66,792.74,30.00,50.09,ok,7
1524,6.348333,1,0.2797,1635.65,825.49,1658.66,792.79,30.06,50.02,ok,6
1525,6.352500,1,0.2900,1635.65,825.38,1658.68,792.78,30.07,49.92,ok,8
1526,6.356667,0,,,,,,,49.80,rejected-jump,7
1527,6.360833,0,,,,,,,49.68,rejected-size,7
1528,6.365000,0,,,,,,,49.56,rejected-size,5
1529,6.369167,0,,,,,,,49.44,rejected-size,7
1530,6.373333,0,,,,,,,49.31,rejected-size,6
1531,6.377500,1,0.3018,1635.44,825.29,1658.30,793.26,29.83,49.20,ok,9
1532,6.381667,1,0.3272,1635.41,825.22,1658.17,793.22,29.89,49.10,ok,8
1533,6.385833,1,0.3750,1635.43,825.28,1658.10,793.24,29.87,49.07,ok,7
1534,6.390000,1,0.3517,1635.40,825.21,1657.98,793.11,29.85,49.05,ok,7
1535,6.394167,1,0.3961,1635.48,825.25,1657.98,793.04,29.90,49.09,ok,7
1536,6.398333,1,0.4720,1635.54,825.33,1657.97,793.01,29.94,49.14,ok,7
1537,6.402500,1,0.4543,1635.55,825.41,1657.94,792.98,29.81,49.20,ok,7
1538,6.406667,1,0.4642,1635.53,825.43,1657.92,792.98,29.79,49.24,ok,7
1539,6.410833,1,0.4584,1635.55,825.39,1657.98,792.88,29.82,49.34,ok,7
1540,6.415000,1,0.3850,1635.63,825.34,1658.13,792.79,29.89,49.44,ok,6
1541,6.419167,1,0.3417,1635.64,825.39,1658.32,792.83,30.03,49.63,ok,7
1542,6.423333,1,0.2535,1635.95,825.32,1658.83,792.74,30.26,49.82,ok,8
1543,6.427500,1,0.2609,1635.88,825.29,1659.05,792.73,30.33,50.02,ok,7
1544,6.431667,1,0.2913,1635.73,825.32,1659.19,792.78,30.28,50.23,ok,6
1545,6.435833,1,0.3093,1635.48,825.15,1659.32,792.67,30.65,50.46,ok,6
1546,6.440000,1,0.4082,1635.70,825.08,1659.92,792.67,30.42,50.69,ok,5
1547,6.444167,1,0.5515,1635.73,825.30,1660.39,793.02,30.28,50.90,ok,5
1548,6.448333,1,0.6772,1636.05,825.25,1661.12,793.13,30.73,51.08,ok,8
1549,6.452500,1,0.6013,1636.32,825.15,1661.80,793.27,30.79,51.21,ok,7
1550,6.456667,1,0.6352,1636.43,825.16,1662.29,793.51,30.88,51.33,ok,7
1551,6.460833,1,0.6315,1636.52,825.12,1662.76,793.69,30.82,51.44,ok,8
1552,6.465000,1,0.6048,1636.41,825.17,1663.04,793.90,30.82,51.59,ok,6
1553,6.469167,1,0.5794,1636.34,825.19,1663.24,794.06,30.93,51.67,ok,8
1554,6.473333,1,0.4873,1636.25,825.25,1663.40,794.28,30.98,51.75,ok,8
1555,6.477500,1,0.6094,1636.35,825.43,1663.69,794.61,30.94,51.79,ok,10
1556,6.481667,1,0.5544,1636.40,825.36,1663.93,794.69,30.82,51.84,ok,7
1557,6.485833,1,0.5051,1636.38,825.27,1664.07,794.69,30.87,51.92,ok,9
1558,6.490000,1,0.4612,1636.54,825.29,1664.32,794.76,30.89,51.99,ok,8
1559,6.494167,1,0.4714,1636.44,825.24,1664.31,794.72,30.87,52.05,ok,9
1560,6.498333,1,0.4383,1636.41,825.19,1664.31,794.70,30.76,52.08,ok,9
1561,6.502500,1,0.4903,1636.40,825.22,1664.27,794.69,30.83,52.11,ok,8
1562,6.506667,1,0.5162,1636.36,825.29,1664.20,794.74,30.82,52.13,ok,8
1563,6.510833,1,0.5628,1636.28,825.33,1663.99,794.77,30.85,52.08,ok,9
1564,6.515000,1,0.6665,1636.32,825.33,1663.91,794.76,30.87,52.04,ok,9
1565,6.519167,1,0.6621,1636.26,825.27,1663.69,794.66,31.01,51.99,ok,8
1566,6.523333,1,0.6356,1636.29,825.24,1663.54,794.59,31.03,51.93,ok,8
1567,6.527500,1,0.5804,1636.28,825.27,1663.32,794.57,30.95,51.85,ok,9
1568,6.531667,1,0.6592,1636.41,825.29,1663.21,794.53,30.93,51.76,ok,9
1569,6.535833,1,0.5648,1636.46,825.15,1662.98,794.36,31.07,51.62,ok,7
1570,6.540000,1,0.5454,1636.68,825.16,1662.90,794.34,31.03,51.47,ok,4
1571,6.544167,1,0.5523,1636.51,825.01,1662.39,794.18,31.32,51.26,ok,7
1572,6.548333,1,0.5917,1636.39,825.00,1661.96,794.17,31.16,51.07,ok,4
1573,6.552500,1,0.6632,1636.45,825.12,1661.70,794.35,31.16,50.83,ok,6
1574,6.556667,1,0.6894,1636.55,825.27,1661.46,794.56,31.23,50.59,ok,5
1575,6.560833,1,0.6520,1636.33,825.47,1660.98,794.85,30.87,50.37,ok,9
1576,6.565000,1,0.5548,1636.33,825.50,1660.74,794.99,30.82,50.17,ok,8
1577,6.569167,1,0.5068,1636.11,825.43,1660.38,795.08,30.81,49.97,ok,9
1578,6.573333,1,0.4317,1635.90,825.32,1660.04,795.15,30.74,49.79,ok,8
1579,6.577500,1,0.3463,1635.77,825.27,1659.80,795.28,30.64,49.62,ok,6
1580,6.581667,1,0.3524,1635.90,825.22,1659.81,795.41,30.55,49.45,ok,7
1581,6.585833,1,0.3524,1635.97,825.36,1659.83,795.74,30.34,49.35,ok,8
1582,6.590000,1,0.2612,1635.98,825.42,1659.80,795.95,30.23,49.29,ok,9
1583,6.594167,0,,,,,,,49.22,rejected-jump,7
1584,6.598333,0,,,,,,,49.17,rejected-size,6
1585,6.602500,0,,,,,,,49.20,rejected-size,5
1586,6.606667,0,,,,,,,49.24,rejected-size,6
1587,6.610833,0,,,,,,,49.35,rejected-size,4
1588,6.615000,0,,,,,,,49.47,rejected-size,3
1589,6.619167,0,,,,,,,49.63,rejected-size,5
1590,6.623333,0,,,,,,,49.80,rejected-size,5
1591,6.627500,0,,,,,,,50.01,rejected-size,7
1592,6.631667,0,,,,,,,50.22,rejected-size,6
1593,6.635833,0,,,,,,,50.50,rejected-size,7
1594,6.640000,0,,,,,,,50.80,rejected-size,7
1595,6.644167,0,,,,,,,51.09,rejected-size,6
1596,6.648333,0,,,,,,,51.35,rejected-size,8
1597,6.652500,0,,,,,,,51.63,rejected-size,8
1598,6.656667,0,,,,,,,51.91,rejected-size,7
1599,6.660833,0,,,,,,,52.17,rejected-size,7
1600,6.665000,1,0.2926,1636.61,825.71,1664.27,797.67,30.34,52.44,ok,9
1601,6.669167,1,0.2751,1636.69,825.76,1664.51,797.70,30.23,52.63,ok,8
1602,6.673333,0,,,,,,,52.79,rejected-jump,8
1603,6.677500,1,0.2523,1636.72,825.73,1664.83,797.65,30.06,52.92,ok,8
1604,6.681667,1,0.2985,1636.77,825.63,1664.97,797.53,30.23,53.00,ok,8
1605,6.685833,1,0.3103,1636.78,825.66,1665.01,797.50,30.21,53.06,ok,9
1606,6.690000,1,0.3089,1636.77,825.65,1665.01,797.46,30.19,53.07,ok,9
1607,6.694167,1,0.3304,1636.78,825.69,1665.03,797.46,30.18,53.10,ok,10
1608,6.698333,1,0.3244,1636.87,825.71,1665.13,797.42,30.09,53.12,ok,9
1609,6.702500,1,0.3387,1636.92,825.72,1665.07,797.44,30.02,53.03,ok,10
1610,6.706667,1,0.3057,1636.83,825.82,1664.86,797.52,30.39,52.93,ok,9
1611,6.710833,1,0.2931,1636.86,825.81,1664.74,797.53,30.39,52.79,ok,10
1612,6.715000,1,0.3352,1636.95,825.72,1664.67,797.47,30.52,52.64,ok,9
1613,6.719167,1,0.3964,1637.05,825.69,1664.60,797.53,30.45,52.43,ok,10
1614,6.723333,1,0.3898,1636.94,825.59,1664.30,797.55,30.60,52.20,ok,10
1615,6.727500,1,0.4422,1636.79,825.67,1663.98,797.74,30.49,51.98,ok,10
1616,6.731667,1,0.5048,1636.84,825.74,1663.85,797.92,30.31,51.76,ok,10
1617,6.735833,1,0.4753,1636.95,825.64,1663.89,797.94,30.33,51.60,ok,11
1618,6.740000,1,0.4768,1637.14,825.56,1664.04,798.03,30.32,51.43,ok,11
1619,6.744167,1,0.5067,1637.06,825.75,1663.95,798.39,30.05,51.28,ok,10
1620,6.748333,1,0.4769,1637.17,825.86,1664.04,798.69,29.91,51.12,ok,10
1621,6.752500,1,0.4368,1637.27,825.85,1664.13,798.87,30.12,50.98,ok,10
1622,6.756667,1,0.4996,1637.35,825.91,1664.21,799.10,30.16,50.85,ok,9
1623,6.760833,1,0.4387,1637.43,825.96,1664.24,799.25,30.17,50.75,ok,8
1624,6.765000,1,0.4172,1637.49,825.99,1664.28,799.36,30.13,50.68,ok,8
1625,6.769167,1,0.3354,1637.55,825.96,1664.35,799.37,30.16,50.66,ok,7
1626,6.773333,1,0.2913,1637.58,825.96,1664.35,799.40,30.19,50.63,ok,6
1627,6.777500,1,0.2907,1637.56,825.94,1664.32,799.39,30.15,50.62,ok,6
1628,6.781667,1,0.2914,1637.73,825.93,1664.49,799.42,30.30,50.62,ok,6
1629,6.785833,1,0.3540,1637.88,825.91,1664.63,799.33,30.29,50.68,ok,7
1630,6.790000,1,0.4053,1638.03,825.90,1664.74,799.29,30.27,50.73,ok,7
1631,6.794167,1,0.4233,1638.17,825.96,1664.83,799.26,30.22,50.82,ok,8
1632,6.798333,1,0.4512,1638.35,825.97,1664.97,799.20,30.29,50.90,ok,8
1633,6.802500,1,0.4944,1638.21,826.04,1664.79,799.14,30.34,51.02,ok,8
1634,6.806667,1,0.5231,1638.30,826.10,1664.89,799.07,30.30,51.17,ok,9
1635,6.810833,1,0.4791,1638.52,826.15,1665.12,798.97,30.13,51.33,ok,10
1636,6.815000,1,0.4162,1638.73,826.14,1665.34,798.77,29.98,51.51,ok,8
1637,6.819167,1,0.4531,1638.77,826.01,1665.41,798.46,29.90,51.70,ok,9
1638,6.823333,1,0.4405,1638.74,825.92,1665.40,798.19,29.88,51.90,ok,8
1639,6.827500,1,0.4624,1638.93,825.85,1665.62,797.93,30.01,52.09,ok,8
1640,6.831667,1,0.4373,1639.03,825.88,1665.76,797.81,30.02,52.29,ok,8
1641,6.835833,1,0.3552,1639.04,825.93,1665.84,797.84,29.91,52.42,ok,8
1642,6.840000,1,0.2925,1639.18,826.09,1666.04,798.01,29.73,52.54,ok,7
1643,6.844167,0,,,,,,,52.64,rejected-jump,5
1644,6.848333,0,,,,,,,52.75,rejected-jump,6
1645,6.852500,0,,,,,,,52.88,rejected-jump,6
1646,6.856667,0,,,,,,,53.02,rejected-size,6
1647,6.860833,0,,,,,,,53.11,rejected-size,4
1648,6.865000,0,,,,,,,53.20,rejected-size,4
1649,6.869167,1,0.3057,1639.91,826.59,1667.45,798.52,29.73,53.20,ok,6
1650,6.873333,1,0.3487,1640.05,826.66,1667.60,798.65,29.71,53.20,ok,6
1651,6.877500,1,0.2714,1640.36,826.87,1667.73,798.89,29.87,53.09,ok,5
1652,6.881667,0,,,,,,,53.00,rejected-jump,4
1653,6.885833,0,,,,,,,52.91,rejected-jump,3
1654,6.890000,0,,,,,,,52.83,rejected-jump,5
1655,6.894167,0,,,,,,,52.72,rejected-size,5
1656,6.898333,0,,,,,,,52.58,rejected-size,6
1657,6.902500,1,0.2553,1641.02,827.30,1667.27,799.23,29.94,52.43,ok,7
1658,6.906667,0,,,,,,,52.29,rejected-jump,5
1659,6.910833,0,,,,,,,52.13,rejected-jump,6
1660,6.915000,0,,,,,,,51.98,rejected-jump,5
1661,6.919167,1,0.3031,1641.41,827.51,1667.11,799.55,29.99,51.84,ok,6
1662,6.923333,1,0.2875,1641.51,827.46,1667.16,799.59,29.84,51.72,ok,6
1663,6.927500,1,0.3490,1641.63,827.47,1667.22,799.68,29.78,51.59,ok,6
1664,6.931667,1,0.3742,1641.77,827.47,1667.29,799.73,29.80,51.50,ok,6
1665,6.935833,1,0.3306,1641.87,827.51,1667.23,799.77,29.81,51.38,ok,6
1666,6.940000,1,0.2696,1642.05,827.61,1667.23,799.81,29.83,51.29,ok,6
1667,6.944167,1,0.2745,1642.16,827.67,1667.17,799.82,29.79,51.21,ok,6
1668,6.948333,1,0.2852,1642.38,827.71,1667.15,799.84,29.82,51.09,ok,6
1669,6.952500,1,0.2915,1642.59,827.81,1667.10,799.83,29.81,51.02,ok,7
1670,6.956667,1,0.3241,1642.83,827.86,1667.08,799.80,29.90,50.98,ok,7
1671,6.960833,1,0.3643,1643.17,827.92,1667.09,799.75,29.99,50.90,ok,7
1672,6.965000,1,0.3627,1643.28,827.96,1667.05,799.73,30.08,50.89,ok,6
1673,6.969167,1,0.3213,1643.40,828.08,1666.94,799.76,30.12,50.85,ok,6
1674,6.973333,1,0.3486,1643.57,828.12,1666.89,799.75,30.06,50.80,ok,6
1675,6.977500,1,0.3470,1643.77,828.20,1666.92,799.77,30.08,50.76,ok,6
1676,6.981667,1,0.3972,1643.98,828.22,1666.95,799.73,30.08,50.72,ok,7
1677,6.985833,1,0.3917,1644.11,828.31,1666.93,799.79,30.10,50.66,ok,8
1678,6.990417,1,0.3098,1644.33,828.36,1666.94,799.80,30.10,50.58,ok,8
1679,6.994583,1,0.3222,1644.46,828.42,1666.95,799.88,30.13,50.47,ok,8
1680,6.998750,1,0.3168,1644.65,828.41,1666.99,799.90,30.10,50.34,ok,8
1681,7.002917,1,0.3022,1644.81,828.43,1666.95,799.91,30.08,50.22,ok,8
1682,7.007083,1,0.3336,1644.99,828.49,1666.96,799.92,30.13,50.13,ok,8
1683,7.011250,1,0.4409,1645.21,828.45,1666.94,799.81,30.26,50.00,ok,8
1684,7.015417,1,0.4752,1645.13,828.39,1666.67,799.69,30.28,49.88,ok,9
1685,7.019583,1,0.2888,1644.91,828.52,1666.11,799.76,30.05,49.67,ok,9
1686,7.023750,0,,,,,,,49.45,rejected-jump,7
1687,7.027917,1,0.2875,1646.75,828.49,1667.24,799.64,31.45,49.24,ok,9
1688,7.032083,0,,,,,,,49.04,rejected-jump,8
1689,7.036250,0,,,,,,,48.83,rejected-jump,7
1690,7.040417,0,,,,,,,48.62,rejected-jump,7
1691,7.044583,0,,,,,,,48.35,rejected-size,7
1692,7.048750,0,,,,,,,48.08,rejected-size,7
1693,7.052917,0,,,,,,,47.90,rejected-size,7
1694,7.057083,0,,,,,,,47.73,rejected-size,6
1695,7.061250,0,,,,,,,47.54,rejected-size,7
1696,7.065417,0,,,,,,,47.38,rejected-size,7
1697,7.069583,0,,,,,,,47.20,rejected-size,9
1698,7.073750,0,,,,,,,47.11,rejected-size,8
1699,7.077917,0,,,,,,,46.98,rejected-size,8
1700,7.082083,0,,,,,,,46.84,rejected-size,4
1701,7.086250,0,,,,,,,46.73,rejected-size,6
1702,7.090417,0,,,,,,,46.65,rejected-size,5
1703,7.094583,1,0.2657,1646.30,827.14,1663.65,799.21,28.27,46.60,ok,7
1704,7.098750,1,0.3246,1646.40,827.19,1663.72,799.25,28.34,46.59,ok,7
1705,7.102917,1,0.3090,1646.14,827.49,1663.45,799.52,28.57,46.61,ok,8
1706,7.107083,1,0.3513,1646.01,827.33,1663.32,799.32,28.04,46.65,ok,7
1707,7.111250,0,,,,,,,46.66,rejected-jump,6
1708,7.115417,0,,,,,,,46.67,rejected-size,6
1709,7.119583,0,,,,,,,46.70,rejected-size,5
1710,7.123750,0,,,,,,,46.74,rejected-size,6
1711,7.127917,0,,,,,,,46.75,rejected-size,5
1712,7.132083,0,,,,,,,46.75,rejected-size,6
1713,7.136250,0,,,,,,,46.78,rejected-size,7
1714,7.140417,0,,,,,,,46.82,rejected-size,7
1715,7.144583,0,,,,,,,46.93,rejected-size,6
1716,7.148750,0,,,,,,,47.02,rejected-size,6
1717,7.152917,0,,,,,,,47.08,rejected-size,6
1718,7.157083,0,,,,,,,47.13,rejected-size,6
1719,7.161250,0,,,,,,,47.09,rejected-size,6
1720,7.165417,0,,,,,,,47.07,rejected-size,6
1721,7.169583,0,,,,,,,47.07,rejected-size,7
1722,7.173750,0,,,,,,,47.06,rejected-size,7
1723,7.177917,0,,,,,,,47.04,rejected-size,7
1724,7.182083,0,,,,,,,47.03,rejected-size,9
1725,7.186250,1,0.3438,1640.76,826.82,1656.38,797.27,27.08,47.06,ok,10
1726,7.190417,1,0.4181,1634.46,822.15,1650.07,792.47,29.26,47.10,ok,10
1727,7.194583,0,,,,,,,47.16,rejected-jump,8
1728,7.198750,1,0.3425,1621.94,813.43,1637.61,783.48,29.84,47.22,ok,9
1729,7.202917,1,0.5613,1615.02,809.26,1630.76,779.18,30.04,47.27,ok,9
1730,7.207083,1,0.7260,1606.56,805.00,1622.38,774.82,30.16,47.29,ok,9
1731,7.211250,1,0.7047,1599.16,801.27,1615.03,771.02,29.69,47.30,ok,8
1732,7.215417,1,0.7927,1591.78,796.84,1607.71,766.52,30.05,47.29,ok,8
1733,7.219583,1,0.8103,1584.85,793.05,1600.80,762.73,28.88,47.23,ok,8
1734,7.223750,1,0.8450,1577.38,788.82,1593.38,758.50,29.04,47.17,ok,8
1735,7.227917,1,0.8214,1569.88,785.28,1585.88,754.99,29.24,47.06,ok,8
1736,7.232083,1,0.7704,1563.38,780.87,1579.40,750.65,29.17,46.97,ok,9
1737,7.236250,1,0.8351,1555.84,776.62,1571.86,746.47,28.38,46.83,ok,8
1738,7.240417,1,0.7129,1549.42,772.80,1565.51,742.65,28.55,46.77,ok,8
1739,7.244583,1,0.8603,1542.71,768.78,1558.84,738.65,28.62,46.66,ok,8
1740,7.248750,1,0.8761,1535.30,765.69,1551.49,735.55,28.35,46.57,ok,8
1741,7.252917,1,0.8998,1528.36,762.09,1544.56,732.00,27.89,46.40,ok,8
1742,7.257083,1,0.7203,1521.78,757.64,1538.01,727.63,27.67,46.23,ok,8
1743,7.261250,1,0.4387,1515.45,754.16,1531.65,724.21,28.03,46.05,ok,8
1744,7.265417,0,,,,,,,45.89,rejected-jump,8
1745,7.269583,1,0.4167,1502.74,747.01,1518.87,717.03,27.52,45.75,ok,11
1746,7.273750,1,0.8490,1495.87,743.14,1511.93,713.10,27.08,45.61,ok,11
1747,7.277917,1,0.8649,1489.19,739.45,1505.11,709.23,26.82,45.47,ok,11
1748,7.282083,1,0.8588,1482.94,736.61,1498.68,706.22,26.98,45.33,ok,10
1749,7.286250,1,0.8738,1476.92,732.92,1492.51,702.43,28.01,45.15,ok,10
1750,7.290417,1,0.9026,1470.64,730.14,1486.08,699.55,27.51,44.97,ok,9
1751,7.294583,1,0.6741,1464.64,727.09,1479.94,696.46,27.67,44.74,ok,9
1752,7.298750,1,0.7245,1458.03,723.61,1473.20,692.95,27.47,44.51,ok,9
1753,7.302917,1,0.7525,1451.95,720.91,1466.99,690.27,26.54,44.22,ok,9
1754,7.307083,1,0.6452,1446.52,717.12,1461.42,686.56,26.67,43.91,ok,10
1755,7.311250,1,0.8498,1439.92,715.08,1454.78,684.54,26.34,43.65,ok,8
1756,7.315417,1,0.8844,1433.44,711.98,1448.31,681.57,26.90,43.37,ok,7
1757,7.319583,1,0.7483,1427.50,708.37,1442.36,678.16,26.14,43.01,ok,10
1758,7.323750,1,0.8348,1422.17,705.87,1437.02,675.89,26.46,42.69,ok,8
1759,7.327917,1,0.8120,1414.85,703.10,1429.75,673.34,27.68,42.34,ok,8
1760,7.332083,1,0.7670,1409.84,699.94,1424.74,670.44,26.52,42.00,ok,7
1761,7.336250,1,0.3691,1404.13,697.68,1419.01,668.26,24.44,41.74,ok,6
1762,7.340417,1,0.8471,1396.96,694.55,1411.84,665.22,26.77,41.48,ok,6
1763,7.344583,1,0.5695,1391.50,691.27,1406.34,662.07,25.90,41.22,ok,6
1764,7.348750,1,0.4001,1385.55,688.17,1400.35,659.06,26.14,40.97,ok,6
1765,7.352917,0,,,,,,,40.74,rejected-jump,4
1766,7.357083,1,0.2633,1374.55,682.69,1389.26,653.73,26.08,40.54,ok,6
1767,7.361250,0,,,,,,,40.31,rejected-jump,5
1768,7.365417,1,0.5138,1363.13,677.60,1377.81,648.80,24.69,40.16,ok,5
1769,7.369583,1,0.5943,1357.80,674.56,1372.55,645.85,24.68,40.03,ok,8
1770,7.373750,0,,,,,,,39.90,rejected-size,7
1771,7.377917,1,0.6307,1347.33,669.97,1362.33,641.44,24.85,39.83,ok,7
1772,7.382083,1,0.6919,1341.56,667.50,1356.75,639.06,23.69,39.78,ok,6
1773,7.386250,1,0.7063,1336.13,664.27,1351.61,635.97,23.16,39.76,ok,6
1774,7.390417,1,0.7093,1330.51,661.48,1346.29,633.34,25.04,39.75,ok,6
1775,7.394583,1,0.3470,1324.98,659.97,1341.13,631.96,25.02,39.79,ok,5
1776,7.398750,0,,,,,,,39.85,rejected-jump,4
1777,7.402917,0,,,,,,,39.94,rejected-jump,4
1778,7.407083,0,,,,,,,40.06,rejected-size,5
1779,7.411250,0,,,,,,,40.24,rejected-size,6
1780,7.415417,0,,,,,,,40.43,rejected-size,6
1781,7.419583,0,,,,,,,40.67,rejected-size,4
1782,7.423750,0,,,,,,,40.91,rejected-size,5
1783,7.427917,0,,,,,,,41.16,rejected-size,2
1784,7.432083,0,,,,,,,41.42,rejected-size,2
1785,7.436250,0,,,,,,,41.62,rejected-size,4
1786,7.440417,0,,,,,,,41.84,rejected-size,6
1787,7.444583,0,,,,,,,42.05,rejected-size,5
1788,7.448750,0,,,,,,,42.26,rejected-size,5
1789,7.452917,0,,,,,,,42.48,rejected-size,4
1790,7.457083,0,,,,,,,42.69,rejected-size,5
1791,7.461250,0,,,,,,,42.87,rejected-size,5
1792,7.465417,0,,,,,,,42.99,rejected-size,4
1793,7.469583,0,,,,,,,43.12,rejected-size,5
1794,7.473750,0,,,,,,,43.26,rejected-size,6
1795,7.477917,0,,,,,,,43.46,rejected-size,6
1796,7.482083,0,,,,,,,43.65,rejected-size,4
1797,7.486250,0,,,,,,,43.82,rejected-size,4
1798,7.490417,0,,,,,,,43.94,rejected-size,5
1799,7.494583,0,,,,,,,44.08,rejected-size,5
1800,7.498750,0,,,,,,,44.21,rejected-size,5
1801,7.502917,0,,,,,,,44.33,rejected-size,5
1802,7.507083,0,,,,,,,44.45,rejected-size,5
1803,7.511250,0,,,,,,,44.51,rejected-size,5
1804,7.515417,0,,,,,,,44.58,rejected-size,6
1805,7.519583,0,,,,,,,44.67,rejected-size,4
